"id","time","event","pos_x","pos_y","page_w","page_h","environment","url","page_name","element_type","element_id","element_tracked_by","user_account","visit_id","page_visit_id","visitor_id","collected"
"1380","0.72","move","489","263","497","1707","class:Logo_parent","localhost:3000","localhost:3000","undefined yet","Logo_parent","class","1","EtqVhkGE1cN7RtFVKkE5vXkGWKVcjlxX2zSJklJMZIT5j7RHD81450524940","http://localhost:3000/:/:572354137","rZVB6wcPlWaMpSYdrB4BSEg8lpgjnOGGpRnPpAnSj0Qq12etOm1450524940","1450540076"
"1381","0.00","move","542","237","497","1707","class:Logo_parent","localhost:3000","localhost:3000","undefined yet","Logo_parent","class","1","EtqVhkGE1cN7RtFVKkE5vXkGWKVcjlxX2zSJklJMZIT5j7RHD81450524940","http://localhost:3000/:/:572354137","rZVB6wcPlWaMpSYdrB4BSEg8lpgjnOGGpRnPpAnSj0Qq12etOm1450524940","1450540076"
"1382","0.01","move","603","214","497","1707","class:Logo_parent","localhost:3000","localhost:3000","undefined yet","Logo_parent","class","1","EtqVhkGE1cN7RtFVKkE5vXkGWKVcjlxX2zSJklJMZIT5j7RHD81450524940","http://localhost:3000/:/:572354137","rZVB6wcPlWaMpSYdrB4BSEg8lpgjnOGGpRnPpAnSj0Qq12etOm1450524940","1450540076"
"1383","0.01","move","658","201","497","1707","class:Logo_parent","localhost:3000","localhost:3000","undefined yet","Logo_parent","class","1","EtqVhkGE1cN7RtFVKkE5vXkGWKVcjlxX2zSJklJMZIT5j7RHD81450524940","http://localhost:3000/:/:572354137","rZVB6wcPlWaMpSYdrB4BSEg8lpgjnOGGpRnPpAnSj0Qq12etOm1450524940","1450540076"
"1384","0.01","move","695","198","497","1707","class:Logo_parent","localhost:3000","localhost:3000","undefined yet","Logo_parent","class","1","EtqVhkGE1cN7RtFVKkE5vXkGWKVcjlxX2zSJklJMZIT5j7RHD81450524940","http://localhost:3000/:/:572354137","rZVB6wcPlWaMpSYdrB4BSEg8lpgjnOGGpRnPpAnSj0Qq12etOm1450524940","1450540076"
"1385","0.01","move","738","196","497","1707","class:Logo_parent","localhost:3000","localhost:3000","undefined yet","Logo_parent","class","1","EtqVhkGE1cN7RtFVKkE5vXkGWKVcjlxX2zSJklJMZIT5j7RHD81450524940","http://localhost:3000/:/:572354137","rZVB6wcPlWaMpSYdrB4BSEg8lpgjnOGGpRnPpAnSj0Qq12etOm1450524940","1450540076"
"1386","0.01","move","772","196","497","1707","class:Logo","localhost:3000","localhost:3000","undefined yet","Logo","class","1","EtqVhkGE1cN7RtFVKkE5vXkGWKVcjlxX2zSJklJMZIT5j7RHD81450524940","http://localhost:3000/:/:572354137","rZVB6wcPlWaMpSYdrB4BSEg8lpgjnOGGpRnPpAnSj0Qq12etOm1450524940","1450540076"
"1387","0.27","move","785","196","497","1707","class:Logo","localhost:3000","localhost:3000","undefined yet","Logo","class","1","EtqVhkGE1cN7RtFVKkE5vXkGWKVcjlxX2zSJklJMZIT5j7RHD81450524940","http://localhost:3000/:/:572354137","rZVB6wcPlWaMpSYdrB4BSEg8lpgjnOGGpRnPpAnSj0Qq12etOm1450524940","1450540076"
"1388","0.03","move","812","196","497","1707","class:Logo","localhost:3000","localhost:3000","undefined yet","Logo","class","1","EtqVhkGE1cN7RtFVKkE5vXkGWKVcjlxX2zSJklJMZIT5j7RHD81450524940","http://localhost:3000/:/:572354137","rZVB6wcPlWaMpSYdrB4BSEg8lpgjnOGGpRnPpAnSj0Qq12etOm1450524940","1450540076"
"1389","0.01","move","826","196","497","1707","class:Logo","localhost:3000","localhost:3000","undefined yet","Logo","class","1","EtqVhkGE1cN7RtFVKkE5vXkGWKVcjlxX2zSJklJMZIT5j7RHD81450524940","http://localhost:3000/:/:572354137","rZVB6wcPlWaMpSYdrB4BSEg8lpgjnOGGpRnPpAnSj0Qq12etOm1450524940","1450540076"
"1390","0.03","move","840","197","497","1707","class:Logo","localhost:3000","localhost:3000","undefined yet","Logo","class","1","EtqVhkGE1cN7RtFVKkE5vXkGWKVcjlxX2zSJklJMZIT5j7RHD81450524940","http://localhost:3000/:/:572354137","rZVB6wcPlWaMpSYdrB4BSEg8lpgjnOGGpRnPpAnSj0Qq12etOm1450524940","1450540076"
"1391","0.13","click","844","200","497","1707","class:Logo","localhost:3000","localhost:3000","undefined yet","Logo","class","1","EtqVhkGE1cN7RtFVKkE5vXkGWKVcjlxX2zSJklJMZIT5j7RHD81450524940","http://localhost:3000/:/:572354137","rZVB6wcPlWaMpSYdrB4BSEg8lpgjnOGGpRnPpAnSj0Qq12etOm1450524940","1450540076"
"1392","0.31","move","825","189","497","1707","class:Logo","localhost:3000","localhost:3000","undefined yet","Logo","class","1","EtqVhkGE1cN7RtFVKkE5vXkGWKVcjlxX2zSJklJMZIT5j7RHD81450524940","http://localhost:3000/:/:572354137","rZVB6wcPlWaMpSYdrB4BSEg8lpgjnOGGpRnPpAnSj0Qq12etOm1450524940","1450540077"
"1393","0.03","move","815","164","497","1707","class:Logo","localhost:3000","localhost:3000","undefined yet","Logo","class","1","EtqVhkGE1cN7RtFVKkE5vXkGWKVcjlxX2zSJklJMZIT5j7RHD81450524940","http://localhost:3000/:/:572354137","rZVB6wcPlWaMpSYdrB4BSEg8lpgjnOGGpRnPpAnSj0Qq12etOm1450524940","1450540077"
"1394","0.01","move","813","142","497","1707","class:Logo_parent","localhost:3000","localhost:3000","undefined yet","Logo_parent","class","1","EtqVhkGE1cN7RtFVKkE5vXkGWKVcjlxX2zSJklJMZIT5j7RHD81450524940","http://localhost:3000/:/:572354137","rZVB6wcPlWaMpSYdrB4BSEg8lpgjnOGGpRnPpAnSj0Qq12etOm1450524940","1450540077"
"1395","0.01","move","813","116","497","1707","class:Logo_parent","localhost:3000","localhost:3000","undefined yet","Logo_parent","class","1","EtqVhkGE1cN7RtFVKkE5vXkGWKVcjlxX2zSJklJMZIT5j7RHD81450524940","http://localhost:3000/:/:572354137","rZVB6wcPlWaMpSYdrB4BSEg8lpgjnOGGpRnPpAnSj0Qq12etOm1450524940","1450540077"
"1396","0.01","move","813","97","497","1707","class:Logo_parent","localhost:3000","localhost:3000","undefined yet","Logo_parent","class","1","EtqVhkGE1cN7RtFVKkE5vXkGWKVcjlxX2zSJklJMZIT5j7RHD81450524940","http://localhost:3000/:/:572354137","rZVB6wcPlWaMpSYdrB4BSEg8lpgjnOGGpRnPpAnSj0Qq12etOm1450524940","1450540077"
"1397","0.01","move","818","76","497","1707","n","localhost:3000","localhost:3000","undefined yet","undefined","n","1","EtqVhkGE1cN7RtFVKkE5vXkGWKVcjlxX2zSJklJMZIT5j7RHD81450524940","http://localhost:3000/:/:572354137","rZVB6wcPlWaMpSYdrB4BSEg8lpgjnOGGpRnPpAnSj0Qq12etOm1450524940","1450540077"
"1398","0.01","move","822","62","497","1707","class:nav-bead","localhost:3000","localhost:3000","undefined yet","nav-bead","class","1","EtqVhkGE1cN7RtFVKkE5vXkGWKVcjlxX2zSJklJMZIT5j7RHD81450524940","http://localhost:3000/:/:572354137","rZVB6wcPlWaMpSYdrB4BSEg8lpgjnOGGpRnPpAnSj0Qq12etOm1450524940","1450540077"
"1399","0.03","move","829","49","497","1707","class:nav-bead","localhost:3000","localhost:3000","undefined yet","nav-bead","class","1","EtqVhkGE1cN7RtFVKkE5vXkGWKVcjlxX2zSJklJMZIT5j7RHD81450524940","http://localhost:3000/:/:572354137","rZVB6wcPlWaMpSYdrB4BSEg8lpgjnOGGpRnPpAnSj0Qq12etOm1450524940","1450540077"
"1400","0.17","move","840","42","497","1707","class:nav-bead","localhost:3000","localhost:3000","undefined yet","nav-bead","class","1","EtqVhkGE1cN7RtFVKkE5vXkGWKVcjlxX2zSJklJMZIT5j7RHD81450524940","http://localhost:3000/:/:572354137","rZVB6wcPlWaMpSYdrB4BSEg8lpgjnOGGpRnPpAnSj0Qq12etOm1450524940","1450540077"
"1401","0.36","click","849","43","497","1707","class:nav-bead","localhost:3000","localhost:3000","undefined yet","nav-bead","class","1","EtqVhkGE1cN7RtFVKkE5vXkGWKVcjlxX2zSJklJMZIT5j7RHD81450524940","http://localhost:3000/:/:572354137","rZVB6wcPlWaMpSYdrB4BSEg8lpgjnOGGpRnPpAnSj0Qq12etOm1450524940","1450540077"
"1402","0.39","move","851","43","497","1707","class:nav-bead","localhost:3000","localhost:3000","undefined yet","nav-bead","class","1","EtqVhkGE1cN7RtFVKkE5vXkGWKVcjlxX2zSJklJMZIT5j7RHD81450524940","http://localhost:3000/:/:572354137","rZVB6wcPlWaMpSYdrB4BSEg8lpgjnOGGpRnPpAnSj0Qq12etOm1450524940","1450540078"
"1403","0.01","move","877","43","497","1707","class:nav-bead","localhost:3000","localhost:3000","undefined yet","nav-bead","class","1","EtqVhkGE1cN7RtFVKkE5vXkGWKVcjlxX2zSJklJMZIT5j7RHD81450524940","http://localhost:3000/:/:572354137","rZVB6wcPlWaMpSYdrB4BSEg8lpgjnOGGpRnPpAnSj0Qq12etOm1450524940","1450540078"
"1404","0.01","move","904","43","497","1707","class:nav-bead","localhost:3000","localhost:3000","undefined yet","nav-bead","class","1","EtqVhkGE1cN7RtFVKkE5vXkGWKVcjlxX2zSJklJMZIT5j7RHD81450524940","http://localhost:3000/:/:572354137","rZVB6wcPlWaMpSYdrB4BSEg8lpgjnOGGpRnPpAnSj0Qq12etOm1450524940","1450540078"
"1405","0.01","move","953","41","497","1707","class:nav-bead","localhost:3000","localhost:3000","undefined yet","nav-bead","class","1","EtqVhkGE1cN7RtFVKkE5vXkGWKVcjlxX2zSJklJMZIT5j7RHD81450524940","http://localhost:3000/:/:572354137","rZVB6wcPlWaMpSYdrB4BSEg8lpgjnOGGpRnPpAnSj0Qq12etOm1450524940","1450540078"
"1406","0.01","move","1003","39","497","1707","class:nav-bead","localhost:3000","localhost:3000","undefined yet","nav-bead","class","1","EtqVhkGE1cN7RtFVKkE5vXkGWKVcjlxX2zSJklJMZIT5j7RHD81450524940","http://localhost:3000/:/:572354137","rZVB6wcPlWaMpSYdrB4BSEg8lpgjnOGGpRnPpAnSj0Qq12etOm1450524940","1450540078"
"1407","0.01","move","1048","38","497","1707","class:nav-bead","localhost:3000","localhost:3000","undefined yet","nav-bead","class","1","EtqVhkGE1cN7RtFVKkE5vXkGWKVcjlxX2zSJklJMZIT5j7RHD81450524940","http://localhost:3000/:/:572354137","rZVB6wcPlWaMpSYdrB4BSEg8lpgjnOGGpRnPpAnSj0Qq12etOm1450524940","1450540078"
"1408","0.01","move","1088","37","497","1707","class:nav-bead","localhost:3000","localhost:3000","undefined yet","nav-bead","class","1","EtqVhkGE1cN7RtFVKkE5vXkGWKVcjlxX2zSJklJMZIT5j7RHD81450524940","http://localhost:3000/:/:572354137","rZVB6wcPlWaMpSYdrB4BSEg8lpgjnOGGpRnPpAnSj0Qq12etOm1450524940","1450540078"
"1409","0.01","move","1115","37","497","1707","class:nav-bead","localhost:3000","localhost:3000","undefined yet","nav-bead","class","1","EtqVhkGE1cN7RtFVKkE5vXkGWKVcjlxX2zSJklJMZIT5j7RHD81450524940","http://localhost:3000/:/:572354137","rZVB6wcPlWaMpSYdrB4BSEg8lpgjnOGGpRnPpAnSj0Qq12etOm1450524940","1450540078"
"1410","0.01","move","1137","36","497","1707","class:nav-bead","localhost:3000","localhost:3000","undefined yet","nav-bead","class","1","EtqVhkGE1cN7RtFVKkE5vXkGWKVcjlxX2zSJklJMZIT5j7RHD81450524940","http://localhost:3000/:/:572354137","rZVB6wcPlWaMpSYdrB4BSEg8lpgjnOGGpRnPpAnSj0Qq12etOm1450524940","1450540078"
"1411","0.01","move","1156","36","497","1707","class:nav-bead","localhost:3000","localhost:3000","undefined yet","nav-bead","class","1","EtqVhkGE1cN7RtFVKkE5vXkGWKVcjlxX2zSJklJMZIT5j7RHD81450524940","http://localhost:3000/:/:572354137","rZVB6wcPlWaMpSYdrB4BSEg8lpgjnOGGpRnPpAnSj0Qq12etOm1450524940","1450540078"
"1412","0.01","move","1174","36","497","1707","class:nav-bead","localhost:3000","localhost:3000","undefined yet","nav-bead","class","1","EtqVhkGE1cN7RtFVKkE5vXkGWKVcjlxX2zSJklJMZIT5j7RHD81450524940","http://localhost:3000/:/:572354137","rZVB6wcPlWaMpSYdrB4BSEg8lpgjnOGGpRnPpAnSj0Qq12etOm1450524940","1450540078"
"1413","0.01","move","1190","36","497","1707","class:nav-bead","localhost:3000","localhost:3000","undefined yet","nav-bead","class","1","EtqVhkGE1cN7RtFVKkE5vXkGWKVcjlxX2zSJklJMZIT5j7RHD81450524940","http://localhost:3000/:/:572354137","rZVB6wcPlWaMpSYdrB4BSEg8lpgjnOGGpRnPpAnSj0Qq12etOm1450524940","1450540078"
"1414","0.01","move","1203","36","497","1707","class:nav-bead","localhost:3000","localhost:3000","undefined yet","nav-bead","class","1","EtqVhkGE1cN7RtFVKkE5vXkGWKVcjlxX2zSJklJMZIT5j7RHD81450524940","http://localhost:3000/:/:572354137","rZVB6wcPlWaMpSYdrB4BSEg8lpgjnOGGpRnPpAnSj0Qq12etOm1450524940","1450540078"
"1415","0.01","move","1216","36","497","1707","class:nav-bead","localhost:3000","localhost:3000","undefined yet","nav-bead","class","1","EtqVhkGE1cN7RtFVKkE5vXkGWKVcjlxX2zSJklJMZIT5j7RHD81450524940","http://localhost:3000/:/:572354137","rZVB6wcPlWaMpSYdrB4BSEg8lpgjnOGGpRnPpAnSj0Qq12etOm1450524940","1450540078"
"1416","0.03","move","1232","38","497","1707","class:nav-bead","localhost:3000","localhost:3000","undefined yet","nav-bead","class","1","EtqVhkGE1cN7RtFVKkE5vXkGWKVcjlxX2zSJklJMZIT5j7RHD81450524940","http://localhost:3000/:/:572354137","rZVB6wcPlWaMpSYdrB4BSEg8lpgjnOGGpRnPpAnSj0Qq12etOm1450524940","1450540078"
"1417","0.03","move","1245","39","497","1707","class:nav-bead","localhost:3000","localhost:3000","undefined yet","nav-bead","class","1","EtqVhkGE1cN7RtFVKkE5vXkGWKVcjlxX2zSJklJMZIT5j7RHD81450524940","http://localhost:3000/:/:572354137","rZVB6wcPlWaMpSYdrB4BSEg8lpgjnOGGpRnPpAnSj0Qq12etOm1450524940","1450540078"
"1418","0.03","move","1259","40","497","1707","class:nav-bead","localhost:3000","localhost:3000","undefined yet","nav-bead","class","1","EtqVhkGE1cN7RtFVKkE5vXkGWKVcjlxX2zSJklJMZIT5j7RHD81450524940","http://localhost:3000/:/:572354137","rZVB6wcPlWaMpSYdrB4BSEg8lpgjnOGGpRnPpAnSj0Qq12etOm1450524940","1450540078"
"1419","0.03","move","1272","41","497","1707","class:nav-bead","localhost:3000","localhost:3000","undefined yet","nav-bead","class","1","EtqVhkGE1cN7RtFVKkE5vXkGWKVcjlxX2zSJklJMZIT5j7RHD81450524940","http://localhost:3000/:/:572354137","rZVB6wcPlWaMpSYdrB4BSEg8lpgjnOGGpRnPpAnSj0Qq12etOm1450524940","1450540078"
"1420","0.03","move","1289","42","497","1707","class:nav-bead","localhost:3000","localhost:3000","undefined yet","nav-bead","class","1","EtqVhkGE1cN7RtFVKkE5vXkGWKVcjlxX2zSJklJMZIT5j7RHD81450524940","http://localhost:3000/:/:572354137","rZVB6wcPlWaMpSYdrB4BSEg8lpgjnOGGpRnPpAnSj0Qq12etOm1450524940","1450540078"
"1421","0.03","move","1310","44","497","1707","class:nav-bead","localhost:3000","localhost:3000","undefined yet","nav-bead","class","1","EtqVhkGE1cN7RtFVKkE5vXkGWKVcjlxX2zSJklJMZIT5j7RHD81450524940","http://localhost:3000/:/:572354137","rZVB6wcPlWaMpSYdrB4BSEg8lpgjnOGGpRnPpAnSj0Qq12etOm1450524940","1450540078"
"1422","0.01","move","1321","44","497","1707","class:nav-bead","localhost:3000","localhost:3000","undefined yet","nav-bead","class","1","EtqVhkGE1cN7RtFVKkE5vXkGWKVcjlxX2zSJklJMZIT5j7RHD81450524940","http://localhost:3000/:/:572354137","rZVB6wcPlWaMpSYdrB4BSEg8lpgjnOGGpRnPpAnSj0Qq12etOm1450524940","1450540078"
"1423","0.01","move","1333","45","497","1707","class:nav-bead","localhost:3000","localhost:3000","undefined yet","nav-bead","class","1","EtqVhkGE1cN7RtFVKkE5vXkGWKVcjlxX2zSJklJMZIT5j7RHD81450524940","http://localhost:3000/:/:572354137","rZVB6wcPlWaMpSYdrB4BSEg8lpgjnOGGpRnPpAnSj0Qq12etOm1450524940","1450540078"
"1424","0.01","move","1345","45","497","1707","class:nav-bead","localhost:3000","localhost:3000","undefined yet","nav-bead","class","1","EtqVhkGE1cN7RtFVKkE5vXkGWKVcjlxX2zSJklJMZIT5j7RHD81450524940","http://localhost:3000/:/:572354137","rZVB6wcPlWaMpSYdrB4BSEg8lpgjnOGGpRnPpAnSj0Qq12etOm1450524940","1450540078"
"1425","0.01","move","1356","45","497","1707","class:nav-bead","localhost:3000","localhost:3000","undefined yet","nav-bead","class","1","EtqVhkGE1cN7RtFVKkE5vXkGWKVcjlxX2zSJklJMZIT5j7RHD81450524940","http://localhost:3000/:/:572354137","rZVB6wcPlWaMpSYdrB4BSEg8lpgjnOGGpRnPpAnSj0Qq12etOm1450524940","1450540078"
"1426","0.01","move","1368","45","497","1707","class:nav-bead","localhost:3000","localhost:3000","undefined yet","nav-bead","class","1","EtqVhkGE1cN7RtFVKkE5vXkGWKVcjlxX2zSJklJMZIT5j7RHD81450524940","http://localhost:3000/:/:572354137","rZVB6wcPlWaMpSYdrB4BSEg8lpgjnOGGpRnPpAnSj0Qq12etOm1450524940","1450540078"
"1427","0.03","move","1385","45","497","1707","class:nav-bead","localhost:3000","localhost:3000","undefined yet","nav-bead","class","1","EtqVhkGE1cN7RtFVKkE5vXkGWKVcjlxX2zSJklJMZIT5j7RHD81450524940","http://localhost:3000/:/:572354137","rZVB6wcPlWaMpSYdrB4BSEg8lpgjnOGGpRnPpAnSj0Qq12etOm1450524940","1450540078"
"1428","0.03","move","1402","45","497","1707","class:nav-bead","localhost:3000","localhost:3000","undefined yet","nav-bead","class","1","EtqVhkGE1cN7RtFVKkE5vXkGWKVcjlxX2zSJklJMZIT5j7RHD81450524940","http://localhost:3000/:/:572354137","rZVB6wcPlWaMpSYdrB4BSEg8lpgjnOGGpRnPpAnSj0Qq12etOm1450524940","1450540078"
"1429","0.04","move","1416","45","497","1707","class:nav-bead","localhost:3000","localhost:3000","undefined yet","nav-bead","class","1","EtqVhkGE1cN7RtFVKkE5vXkGWKVcjlxX2zSJklJMZIT5j7RHD81450524940","http://localhost:3000/:/:572354137","rZVB6wcPlWaMpSYdrB4BSEg8lpgjnOGGpRnPpAnSj0Qq12etOm1450524940","1450540078"
"1430","0.28","click","1422","45","497","1707","class:nav-bead","localhost:3000","localhost:3000","undefined yet","nav-bead","class","1","EtqVhkGE1cN7RtFVKkE5vXkGWKVcjlxX2zSJklJMZIT5j7RHD81450524940","http://localhost:3000/:/:572354137","rZVB6wcPlWaMpSYdrB4BSEg8lpgjnOGGpRnPpAnSj0Qq12etOm1450524940","1450540079"
"1431","0.45","move","1437","52","497","1707","class:nav-bead","localhost:3000","localhost:3000","undefined yet","nav-bead","class","1","EtqVhkGE1cN7RtFVKkE5vXkGWKVcjlxX2zSJklJMZIT5j7RHD81450524940","http://localhost:3000/:/:572354137","rZVB6wcPlWaMpSYdrB4BSEg8lpgjnOGGpRnPpAnSj0Qq12etOm1450524940","1450540079"
"1432","0.01","move","1463","65","497","1707","class:nav-bead","localhost:3000","localhost:3000","undefined yet","nav-bead","class","1","EtqVhkGE1cN7RtFVKkE5vXkGWKVcjlxX2zSJklJMZIT5j7RHD81450524940","http://localhost:3000/:/:572354137","rZVB6wcPlWaMpSYdrB4BSEg8lpgjnOGGpRnPpAnSj0Qq12etOm1450524940","1450540079"
"1433","0.01","move","1482","75","497","1707","n","localhost:3000","localhost:3000","undefined yet","undefined","n","1","EtqVhkGE1cN7RtFVKkE5vXkGWKVcjlxX2zSJklJMZIT5j7RHD81450524940","http://localhost:3000/:/:572354137","rZVB6wcPlWaMpSYdrB4BSEg8lpgjnOGGpRnPpAnSj0Qq12etOm1450524940","1450540079"
"1434","0.01","move","1507","89","497","1707","n","localhost:3000","localhost:3000","undefined yet","undefined","n","1","EtqVhkGE1cN7RtFVKkE5vXkGWKVcjlxX2zSJklJMZIT5j7RHD81450524940","http://localhost:3000/:/:572354137","rZVB6wcPlWaMpSYdrB4BSEg8lpgjnOGGpRnPpAnSj0Qq12etOm1450524940","1450540079"
"1435","0.01","move","1522","96","497","1707","class:Logo_parent","localhost:3000","localhost:3000","undefined yet","Logo_parent","class","1","EtqVhkGE1cN7RtFVKkE5vXkGWKVcjlxX2zSJklJMZIT5j7RHD81450524940","http://localhost:3000/:/:572354137","rZVB6wcPlWaMpSYdrB4BSEg8lpgjnOGGpRnPpAnSj0Qq12etOm1450524940","1450540079"
"1436","0.01","move","1537","104","497","1707","class:Logo_parent","localhost:3000","localhost:3000","undefined yet","Logo_parent","class","1","EtqVhkGE1cN7RtFVKkE5vXkGWKVcjlxX2zSJklJMZIT5j7RHD81450524940","http://localhost:3000/:/:572354137","rZVB6wcPlWaMpSYdrB4BSEg8lpgjnOGGpRnPpAnSj0Qq12etOm1450524940","1450540079"
"1437","0.01","move","1551","112","497","1707","class:Logo_parent","localhost:3000","localhost:3000","undefined yet","Logo_parent","class","1","EtqVhkGE1cN7RtFVKkE5vXkGWKVcjlxX2zSJklJMZIT5j7RHD81450524940","http://localhost:3000/:/:572354137","rZVB6wcPlWaMpSYdrB4BSEg8lpgjnOGGpRnPpAnSj0Qq12etOm1450524940","1450540079"
"1438","0.01","move","1562","117","497","1707","class:Logo_parent","localhost:3000","localhost:3000","undefined yet","Logo_parent","class","1","EtqVhkGE1cN7RtFVKkE5vXkGWKVcjlxX2zSJklJMZIT5j7RHD81450524940","http://localhost:3000/:/:572354137","rZVB6wcPlWaMpSYdrB4BSEg8lpgjnOGGpRnPpAnSj0Qq12etOm1450524940","1450540079"
"1439","0.01","move","1573","120","497","1707","class:Logo_parent","localhost:3000","localhost:3000","undefined yet","Logo_parent","class","1","EtqVhkGE1cN7RtFVKkE5vXkGWKVcjlxX2zSJklJMZIT5j7RHD81450524940","http://localhost:3000/:/:572354137","rZVB6wcPlWaMpSYdrB4BSEg8lpgjnOGGpRnPpAnSj0Qq12etOm1450524940","1450540079"
"1440","0.03","move","1590","126","497","1707","class:Logo_parent","localhost:3000","localhost:3000","undefined yet","Logo_parent","class","1","EtqVhkGE1cN7RtFVKkE5vXkGWKVcjlxX2zSJklJMZIT5j7RHD81450524940","http://localhost:3000/:/:572354137","rZVB6wcPlWaMpSYdrB4BSEg8lpgjnOGGpRnPpAnSj0Qq12etOm1450524940","1450540079"
"1441","0.03","move","1605","130","497","1707","class:Logo_parent","localhost:3000","localhost:3000","undefined yet","Logo_parent","class","1","EtqVhkGE1cN7RtFVKkE5vXkGWKVcjlxX2zSJklJMZIT5j7RHD81450524940","http://localhost:3000/:/:572354137","rZVB6wcPlWaMpSYdrB4BSEg8lpgjnOGGpRnPpAnSj0Qq12etOm1450524940","1450540079"
"1442","0.03","move","1617","133","497","1707","class:Logo_parent","localhost:3000","localhost:3000","undefined yet","Logo_parent","class","1","EtqVhkGE1cN7RtFVKkE5vXkGWKVcjlxX2zSJklJMZIT5j7RHD81450524940","http://localhost:3000/:/:572354137","rZVB6wcPlWaMpSYdrB4BSEg8lpgjnOGGpRnPpAnSj0Qq12etOm1450524940","1450540079"
"1443","0.03","move","1629","136","497","1707","class:Logo_parent","localhost:3000","localhost:3000","undefined yet","Logo_parent","class","1","EtqVhkGE1cN7RtFVKkE5vXkGWKVcjlxX2zSJklJMZIT5j7RHD81450524940","http://localhost:3000/:/:572354137","rZVB6wcPlWaMpSYdrB4BSEg8lpgjnOGGpRnPpAnSj0Qq12etOm1450524940","1450540079"
"1444","0.04","move","1643","140","497","1707","class:Logo_parent","localhost:3000","localhost:3000","undefined yet","Logo_parent","class","1","EtqVhkGE1cN7RtFVKkE5vXkGWKVcjlxX2zSJklJMZIT5j7RHD81450524940","http://localhost:3000/:/:572354137","rZVB6wcPlWaMpSYdrB4BSEg8lpgjnOGGpRnPpAnSj0Qq12etOm1450524940","1450540079"
"1445","0.08","move","1654","141","497","1707","class:Logo_parent","localhost:3000","localhost:3000","undefined yet","Logo_parent","class","1","EtqVhkGE1cN7RtFVKkE5vXkGWKVcjlxX2zSJklJMZIT5j7RHD81450524940","http://localhost:3000/:/:572354137","rZVB6wcPlWaMpSYdrB4BSEg8lpgjnOGGpRnPpAnSj0Qq12etOm1450524940","1450540079"
"1446","0.04","move","1666","147","497","1707","class:Logo_parent","localhost:3000","localhost:3000","undefined yet","Logo_parent","class","1","EtqVhkGE1cN7RtFVKkE5vXkGWKVcjlxX2zSJklJMZIT5j7RHD81450524940","http://localhost:3000/:/:572354137","rZVB6wcPlWaMpSYdrB4BSEg8lpgjnOGGpRnPpAnSj0Qq12etOm1450524940","1450540079"
"1447","0.76","move","1430","163","497","1707","class:Logo_parent","localhost:3000","localhost:3000","undefined yet","Logo_parent","class","1","EtqVhkGE1cN7RtFVKkE5vXkGWKVcjlxX2zSJklJMZIT5j7RHD81450524940","http://localhost:3000/:/:572354137","rZVB6wcPlWaMpSYdrB4BSEg8lpgjnOGGpRnPpAnSj0Qq12etOm1450524940","1450540080"
"1448","0.31","move","1389","151","497","1707","class:Logo_parent","localhost:3000","localhost:3000","undefined yet","Logo_parent","class","1","EtqVhkGE1cN7RtFVKkE5vXkGWKVcjlxX2zSJklJMZIT5j7RHD81450524940","http://localhost:3000/:/:572354137","rZVB6wcPlWaMpSYdrB4BSEg8lpgjnOGGpRnPpAnSj0Qq12etOm1450524940","1450540081"
"1449","0.86","move","1370","159","497","1707","class:Logo_parent","localhost:3000","localhost:3000","undefined yet","Logo_parent","class","1","EtqVhkGE1cN7RtFVKkE5vXkGWKVcjlxX2zSJklJMZIT5j7RHD81450524940","http://localhost:3000/:/:572354137","rZVB6wcPlWaMpSYdrB4BSEg8lpgjnOGGpRnPpAnSj0Qq12etOm1450524940","1450540081"
"1450","0.03","move","1354","171","497","1707","class:Logo_parent","localhost:3000","localhost:3000","undefined yet","Logo_parent","class","1","EtqVhkGE1cN7RtFVKkE5vXkGWKVcjlxX2zSJklJMZIT5j7RHD81450524940","http://localhost:3000/:/:572354137","rZVB6wcPlWaMpSYdrB4BSEg8lpgjnOGGpRnPpAnSj0Qq12etOm1450524940","1450540081"
"1451","0.01","move","1339","179","497","1707","class:Logo_parent","localhost:3000","localhost:3000","undefined yet","Logo_parent","class","1","EtqVhkGE1cN7RtFVKkE5vXkGWKVcjlxX2zSJklJMZIT5j7RHD81450524940","http://localhost:3000/:/:572354137","rZVB6wcPlWaMpSYdrB4BSEg8lpgjnOGGpRnPpAnSj0Qq12etOm1450524940","1450540081"
"1452","0.01","move","1327","184","497","1707","class:Logo_parent","localhost:3000","localhost:3000","undefined yet","Logo_parent","class","1","EtqVhkGE1cN7RtFVKkE5vXkGWKVcjlxX2zSJklJMZIT5j7RHD81450524940","http://localhost:3000/:/:572354137","rZVB6wcPlWaMpSYdrB4BSEg8lpgjnOGGpRnPpAnSj0Qq12etOm1450524940","1450540081"
"1453","0.01","move","1311","189","497","1707","class:Logo_parent","localhost:3000","localhost:3000","undefined yet","Logo_parent","class","1","EtqVhkGE1cN7RtFVKkE5vXkGWKVcjlxX2zSJklJMZIT5j7RHD81450524940","http://localhost:3000/:/:572354137","rZVB6wcPlWaMpSYdrB4BSEg8lpgjnOGGpRnPpAnSj0Qq12etOm1450524940","1450540081"
"1454","0.03","move","1296","195","497","1707","class:Logo_parent","localhost:3000","localhost:3000","undefined yet","Logo_parent","class","1","EtqVhkGE1cN7RtFVKkE5vXkGWKVcjlxX2zSJklJMZIT5j7RHD81450524940","http://localhost:3000/:/:572354137","rZVB6wcPlWaMpSYdrB4BSEg8lpgjnOGGpRnPpAnSj0Qq12etOm1450524940","1450540082"
"1455","0.30","scroll","0","0","497","1707","n","localhost:3000","localhost:3000","undefined yet","undefined","n","1","EtqVhkGE1cN7RtFVKkE5vXkGWKVcjlxX2zSJklJMZIT5j7RHD81450524940","http://localhost:3000/:/:572354137","rZVB6wcPlWaMpSYdrB4BSEg8lpgjnOGGpRnPpAnSj0Qq12etOm1450524940","1450540082"
"1456","0.03","scroll","0","0","497","1707","n","localhost:3000","localhost:3000","undefined yet","undefined","n","1","EtqVhkGE1cN7RtFVKkE5vXkGWKVcjlxX2zSJklJMZIT5j7RHD81450524940","http://localhost:3000/:/:572354137","rZVB6wcPlWaMpSYdrB4BSEg8lpgjnOGGpRnPpAnSj0Qq12etOm1450524940","1450540082"
"1457","0.03","scroll","0","0","497","1707","n","localhost:3000","localhost:3000","undefined yet","undefined","n","1","EtqVhkGE1cN7RtFVKkE5vXkGWKVcjlxX2zSJklJMZIT5j7RHD81450524940","http://localhost:3000/:/:572354137","rZVB6wcPlWaMpSYdrB4BSEg8lpgjnOGGpRnPpAnSj0Qq12etOm1450524940","1450540082"
"1458","0.02","scroll","0","0","497","1707","n","localhost:3000","localhost:3000","undefined yet","undefined","n","1","EtqVhkGE1cN7RtFVKkE5vXkGWKVcjlxX2zSJklJMZIT5j7RHD81450524940","http://localhost:3000/:/:572354137","rZVB6wcPlWaMpSYdrB4BSEg8lpgjnOGGpRnPpAnSj0Qq12etOm1450524940","1450540082"
"1459","0.03","scroll","0","0","497","1707","n","localhost:3000","localhost:3000","undefined yet","undefined","n","1","EtqVhkGE1cN7RtFVKkE5vXkGWKVcjlxX2zSJklJMZIT5j7RHD81450524940","http://localhost:3000/:/:572354137","rZVB6wcPlWaMpSYdrB4BSEg8lpgjnOGGpRnPpAnSj0Qq12etOm1450524940","1450540082"
"1460","0.02","scroll","0","0","497","1707","n","localhost:3000","localhost:3000","undefined yet","undefined","n","1","EtqVhkGE1cN7RtFVKkE5vXkGWKVcjlxX2zSJklJMZIT5j7RHD81450524940","http://localhost:3000/:/:572354137","rZVB6wcPlWaMpSYdrB4BSEg8lpgjnOGGpRnPpAnSj0Qq12etOm1450524940","1450540082"
"1461","0.03","scroll","0","0","497","1707","n","localhost:3000","localhost:3000","undefined yet","undefined","n","1","EtqVhkGE1cN7RtFVKkE5vXkGWKVcjlxX2zSJklJMZIT5j7RHD81450524940","http://localhost:3000/:/:572354137","rZVB6wcPlWaMpSYdrB4BSEg8lpgjnOGGpRnPpAnSj0Qq12etOm1450524940","1450540082"
"1462","0.04","scroll","0","0","497","1707","n","localhost:3000","localhost:3000","undefined yet","undefined","n","1","EtqVhkGE1cN7RtFVKkE5vXkGWKVcjlxX2zSJklJMZIT5j7RHD81450524940","http://localhost:3000/:/:572354137","rZVB6wcPlWaMpSYdrB4BSEg8lpgjnOGGpRnPpAnSj0Qq12etOm1450524940","1450540082"
"1463","0.04","scroll","0","0","497","1707","n","localhost:3000","localhost:3000","undefined yet","undefined","n","1","EtqVhkGE1cN7RtFVKkE5vXkGWKVcjlxX2zSJklJMZIT5j7RHD81450524940","http://localhost:3000/:/:572354137","rZVB6wcPlWaMpSYdrB4BSEg8lpgjnOGGpRnPpAnSj0Qq12etOm1450524940","1450540082"
"1464","0.08","scroll","0","0","497","1707","n","localhost:3000","localhost:3000","undefined yet","undefined","n","1","EtqVhkGE1cN7RtFVKkE5vXkGWKVcjlxX2zSJklJMZIT5j7RHD81450524940","http://localhost:3000/:/:572354137","rZVB6wcPlWaMpSYdrB4BSEg8lpgjnOGGpRnPpAnSj0Qq12etOm1450524940","1450540082"
"1465","0.18","scroll","0","0","497","1707","n","localhost:3000","localhost:3000","undefined yet","undefined","n","1","EtqVhkGE1cN7RtFVKkE5vXkGWKVcjlxX2zSJklJMZIT5j7RHD81450524940","http://localhost:3000/:/:572354137","rZVB6wcPlWaMpSYdrB4BSEg8lpgjnOGGpRnPpAnSj0Qq12etOm1450524940","1450540082"
"1466","0.72","move","489","263","497","1707","class:Logo_parent","localhost:3000","localhost:3000","undefined yet","Logo_parent","class","1","EtqVhkGE1cN7RtFVKkE5vXkGWKVcjlxX2zSJklJMZIT5j7RHD81450524940","http://localhost:3000/:/:572354137","rZVB6wcPlWaMpSYdrB4BSEg8lpgjnOGGpRnPpAnSj0Qq12etOm1450524940","1450540076"
"1467","0.00","move","542","237","497","1707","class:Logo_parent","localhost:3000","localhost:3000","undefined yet","Logo_parent","class","1","EtqVhkGE1cN7RtFVKkE5vXkGWKVcjlxX2zSJklJMZIT5j7RHD81450524940","http://localhost:3000/:/:572354137","rZVB6wcPlWaMpSYdrB4BSEg8lpgjnOGGpRnPpAnSj0Qq12etOm1450524940","1450540076"
"1468","0.01","move","603","214","497","1707","class:Logo_parent","localhost:3000","localhost:3000","undefined yet","Logo_parent","class","1","EtqVhkGE1cN7RtFVKkE5vXkGWKVcjlxX2zSJklJMZIT5j7RHD81450524940","http://localhost:3000/:/:572354137","rZVB6wcPlWaMpSYdrB4BSEg8lpgjnOGGpRnPpAnSj0Qq12etOm1450524940","1450540076"
"1469","0.01","move","658","201","497","1707","class:Logo_parent","localhost:3000","localhost:3000","undefined yet","Logo_parent","class","1","EtqVhkGE1cN7RtFVKkE5vXkGWKVcjlxX2zSJklJMZIT5j7RHD81450524940","http://localhost:3000/:/:572354137","rZVB6wcPlWaMpSYdrB4BSEg8lpgjnOGGpRnPpAnSj0Qq12etOm1450524940","1450540076"
"1470","0.01","move","695","198","497","1707","class:Logo_parent","localhost:3000","localhost:3000","undefined yet","Logo_parent","class","1","EtqVhkGE1cN7RtFVKkE5vXkGWKVcjlxX2zSJklJMZIT5j7RHD81450524940","http://localhost:3000/:/:572354137","rZVB6wcPlWaMpSYdrB4BSEg8lpgjnOGGpRnPpAnSj0Qq12etOm1450524940","1450540076"
"1471","0.01","move","738","196","497","1707","class:Logo_parent","localhost:3000","localhost:3000","undefined yet","Logo_parent","class","1","EtqVhkGE1cN7RtFVKkE5vXkGWKVcjlxX2zSJklJMZIT5j7RHD81450524940","http://localhost:3000/:/:572354137","rZVB6wcPlWaMpSYdrB4BSEg8lpgjnOGGpRnPpAnSj0Qq12etOm1450524940","1450540076"
"1472","0.01","move","772","196","497","1707","class:Logo","localhost:3000","localhost:3000","undefined yet","Logo","class","1","EtqVhkGE1cN7RtFVKkE5vXkGWKVcjlxX2zSJklJMZIT5j7RHD81450524940","http://localhost:3000/:/:572354137","rZVB6wcPlWaMpSYdrB4BSEg8lpgjnOGGpRnPpAnSj0Qq12etOm1450524940","1450540076"
"1473","0.27","move","785","196","497","1707","class:Logo","localhost:3000","localhost:3000","undefined yet","Logo","class","1","EtqVhkGE1cN7RtFVKkE5vXkGWKVcjlxX2zSJklJMZIT5j7RHD81450524940","http://localhost:3000/:/:572354137","rZVB6wcPlWaMpSYdrB4BSEg8lpgjnOGGpRnPpAnSj0Qq12etOm1450524940","1450540076"
"1474","0.03","move","812","196","497","1707","class:Logo","localhost:3000","localhost:3000","undefined yet","Logo","class","1","EtqVhkGE1cN7RtFVKkE5vXkGWKVcjlxX2zSJklJMZIT5j7RHD81450524940","http://localhost:3000/:/:572354137","rZVB6wcPlWaMpSYdrB4BSEg8lpgjnOGGpRnPpAnSj0Qq12etOm1450524940","1450540076"
"1475","0.01","move","826","196","497","1707","class:Logo","localhost:3000","localhost:3000","undefined yet","Logo","class","1","EtqVhkGE1cN7RtFVKkE5vXkGWKVcjlxX2zSJklJMZIT5j7RHD81450524940","http://localhost:3000/:/:572354137","rZVB6wcPlWaMpSYdrB4BSEg8lpgjnOGGpRnPpAnSj0Qq12etOm1450524940","1450540076"
"1476","0.03","move","840","197","497","1707","class:Logo","localhost:3000","localhost:3000","undefined yet","Logo","class","1","EtqVhkGE1cN7RtFVKkE5vXkGWKVcjlxX2zSJklJMZIT5j7RHD81450524940","http://localhost:3000/:/:572354137","rZVB6wcPlWaMpSYdrB4BSEg8lpgjnOGGpRnPpAnSj0Qq12etOm1450524940","1450540076"
"1477","0.13","click","844","200","497","1707","class:Logo","localhost:3000","localhost:3000","undefined yet","Logo","class","1","EtqVhkGE1cN7RtFVKkE5vXkGWKVcjlxX2zSJklJMZIT5j7RHD81450524940","http://localhost:3000/:/:572354137","rZVB6wcPlWaMpSYdrB4BSEg8lpgjnOGGpRnPpAnSj0Qq12etOm1450524940","1450540076"
"1478","0.31","move","825","189","497","1707","class:Logo","localhost:3000","localhost:3000","undefined yet","Logo","class","1","EtqVhkGE1cN7RtFVKkE5vXkGWKVcjlxX2zSJklJMZIT5j7RHD81450524940","http://localhost:3000/:/:572354137","rZVB6wcPlWaMpSYdrB4BSEg8lpgjnOGGpRnPpAnSj0Qq12etOm1450524940","1450540077"
"1479","0.03","move","815","164","497","1707","class:Logo","localhost:3000","localhost:3000","undefined yet","Logo","class","1","EtqVhkGE1cN7RtFVKkE5vXkGWKVcjlxX2zSJklJMZIT5j7RHD81450524940","http://localhost:3000/:/:572354137","rZVB6wcPlWaMpSYdrB4BSEg8lpgjnOGGpRnPpAnSj0Qq12etOm1450524940","1450540077"
"1480","0.01","move","813","142","497","1707","class:Logo_parent","localhost:3000","localhost:3000","undefined yet","Logo_parent","class","1","EtqVhkGE1cN7RtFVKkE5vXkGWKVcjlxX2zSJklJMZIT5j7RHD81450524940","http://localhost:3000/:/:572354137","rZVB6wcPlWaMpSYdrB4BSEg8lpgjnOGGpRnPpAnSj0Qq12etOm1450524940","1450540077"
"1481","0.01","move","813","116","497","1707","class:Logo_parent","localhost:3000","localhost:3000","undefined yet","Logo_parent","class","1","EtqVhkGE1cN7RtFVKkE5vXkGWKVcjlxX2zSJklJMZIT5j7RHD81450524940","http://localhost:3000/:/:572354137","rZVB6wcPlWaMpSYdrB4BSEg8lpgjnOGGpRnPpAnSj0Qq12etOm1450524940","1450540077"
"1482","0.01","move","813","97","497","1707","class:Logo_parent","localhost:3000","localhost:3000","undefined yet","Logo_parent","class","1","EtqVhkGE1cN7RtFVKkE5vXkGWKVcjlxX2zSJklJMZIT5j7RHD81450524940","http://localhost:3000/:/:572354137","rZVB6wcPlWaMpSYdrB4BSEg8lpgjnOGGpRnPpAnSj0Qq12etOm1450524940","1450540077"
"1483","0.01","move","818","76","497","1707","n","localhost:3000","localhost:3000","undefined yet","undefined","n","1","EtqVhkGE1cN7RtFVKkE5vXkGWKVcjlxX2zSJklJMZIT5j7RHD81450524940","http://localhost:3000/:/:572354137","rZVB6wcPlWaMpSYdrB4BSEg8lpgjnOGGpRnPpAnSj0Qq12etOm1450524940","1450540077"
"1484","0.01","move","822","62","497","1707","class:nav-bead","localhost:3000","localhost:3000","undefined yet","nav-bead","class","1","EtqVhkGE1cN7RtFVKkE5vXkGWKVcjlxX2zSJklJMZIT5j7RHD81450524940","http://localhost:3000/:/:572354137","rZVB6wcPlWaMpSYdrB4BSEg8lpgjnOGGpRnPpAnSj0Qq12etOm1450524940","1450540077"
"1485","0.03","move","829","49","497","1707","class:nav-bead","localhost:3000","localhost:3000","undefined yet","nav-bead","class","1","EtqVhkGE1cN7RtFVKkE5vXkGWKVcjlxX2zSJklJMZIT5j7RHD81450524940","http://localhost:3000/:/:572354137","rZVB6wcPlWaMpSYdrB4BSEg8lpgjnOGGpRnPpAnSj0Qq12etOm1450524940","1450540077"
"1486","0.17","move","840","42","497","1707","class:nav-bead","localhost:3000","localhost:3000","undefined yet","nav-bead","class","1","EtqVhkGE1cN7RtFVKkE5vXkGWKVcjlxX2zSJklJMZIT5j7RHD81450524940","http://localhost:3000/:/:572354137","rZVB6wcPlWaMpSYdrB4BSEg8lpgjnOGGpRnPpAnSj0Qq12etOm1450524940","1450540077"
"1487","0.36","click","849","43","497","1707","class:nav-bead","localhost:3000","localhost:3000","undefined yet","nav-bead","class","1","EtqVhkGE1cN7RtFVKkE5vXkGWKVcjlxX2zSJklJMZIT5j7RHD81450524940","http://localhost:3000/:/:572354137","rZVB6wcPlWaMpSYdrB4BSEg8lpgjnOGGpRnPpAnSj0Qq12etOm1450524940","1450540077"
"1488","0.39","move","851","43","497","1707","class:nav-bead","localhost:3000","localhost:3000","undefined yet","nav-bead","class","1","EtqVhkGE1cN7RtFVKkE5vXkGWKVcjlxX2zSJklJMZIT5j7RHD81450524940","http://localhost:3000/:/:572354137","rZVB6wcPlWaMpSYdrB4BSEg8lpgjnOGGpRnPpAnSj0Qq12etOm1450524940","1450540078"
"1489","0.01","move","877","43","497","1707","class:nav-bead","localhost:3000","localhost:3000","undefined yet","nav-bead","class","1","EtqVhkGE1cN7RtFVKkE5vXkGWKVcjlxX2zSJklJMZIT5j7RHD81450524940","http://localhost:3000/:/:572354137","rZVB6wcPlWaMpSYdrB4BSEg8lpgjnOGGpRnPpAnSj0Qq12etOm1450524940","1450540078"
"1490","0.01","move","904","43","497","1707","class:nav-bead","localhost:3000","localhost:3000","undefined yet","nav-bead","class","1","EtqVhkGE1cN7RtFVKkE5vXkGWKVcjlxX2zSJklJMZIT5j7RHD81450524940","http://localhost:3000/:/:572354137","rZVB6wcPlWaMpSYdrB4BSEg8lpgjnOGGpRnPpAnSj0Qq12etOm1450524940","1450540078"
"1491","0.01","move","953","41","497","1707","class:nav-bead","localhost:3000","localhost:3000","undefined yet","nav-bead","class","1","EtqVhkGE1cN7RtFVKkE5vXkGWKVcjlxX2zSJklJMZIT5j7RHD81450524940","http://localhost:3000/:/:572354137","rZVB6wcPlWaMpSYdrB4BSEg8lpgjnOGGpRnPpAnSj0Qq12etOm1450524940","1450540078"
"1492","0.01","move","1003","39","497","1707","class:nav-bead","localhost:3000","localhost:3000","undefined yet","nav-bead","class","1","EtqVhkGE1cN7RtFVKkE5vXkGWKVcjlxX2zSJklJMZIT5j7RHD81450524940","http://localhost:3000/:/:572354137","rZVB6wcPlWaMpSYdrB4BSEg8lpgjnOGGpRnPpAnSj0Qq12etOm1450524940","1450540078"
"1493","0.01","move","1048","38","497","1707","class:nav-bead","localhost:3000","localhost:3000","undefined yet","nav-bead","class","1","EtqVhkGE1cN7RtFVKkE5vXkGWKVcjlxX2zSJklJMZIT5j7RHD81450524940","http://localhost:3000/:/:572354137","rZVB6wcPlWaMpSYdrB4BSEg8lpgjnOGGpRnPpAnSj0Qq12etOm1450524940","1450540078"
"1494","0.01","move","1088","37","497","1707","class:nav-bead","localhost:3000","localhost:3000","undefined yet","nav-bead","class","1","EtqVhkGE1cN7RtFVKkE5vXkGWKVcjlxX2zSJklJMZIT5j7RHD81450524940","http://localhost:3000/:/:572354137","rZVB6wcPlWaMpSYdrB4BSEg8lpgjnOGGpRnPpAnSj0Qq12etOm1450524940","1450540078"
"1495","0.01","move","1115","37","497","1707","class:nav-bead","localhost:3000","localhost:3000","undefined yet","nav-bead","class","1","EtqVhkGE1cN7RtFVKkE5vXkGWKVcjlxX2zSJklJMZIT5j7RHD81450524940","http://localhost:3000/:/:572354137","rZVB6wcPlWaMpSYdrB4BSEg8lpgjnOGGpRnPpAnSj0Qq12etOm1450524940","1450540078"
"1496","0.01","move","1137","36","497","1707","class:nav-bead","localhost:3000","localhost:3000","undefined yet","nav-bead","class","1","EtqVhkGE1cN7RtFVKkE5vXkGWKVcjlxX2zSJklJMZIT5j7RHD81450524940","http://localhost:3000/:/:572354137","rZVB6wcPlWaMpSYdrB4BSEg8lpgjnOGGpRnPpAnSj0Qq12etOm1450524940","1450540078"
"1497","0.01","move","1156","36","497","1707","class:nav-bead","localhost:3000","localhost:3000","undefined yet","nav-bead","class","1","EtqVhkGE1cN7RtFVKkE5vXkGWKVcjlxX2zSJklJMZIT5j7RHD81450524940","http://localhost:3000/:/:572354137","rZVB6wcPlWaMpSYdrB4BSEg8lpgjnOGGpRnPpAnSj0Qq12etOm1450524940","1450540078"
"1498","0.01","move","1174","36","497","1707","class:nav-bead","localhost:3000","localhost:3000","undefined yet","nav-bead","class","1","EtqVhkGE1cN7RtFVKkE5vXkGWKVcjlxX2zSJklJMZIT5j7RHD81450524940","http://localhost:3000/:/:572354137","rZVB6wcPlWaMpSYdrB4BSEg8lpgjnOGGpRnPpAnSj0Qq12etOm1450524940","1450540078"
"1499","0.01","move","1190","36","497","1707","class:nav-bead","localhost:3000","localhost:3000","undefined yet","nav-bead","class","1","EtqVhkGE1cN7RtFVKkE5vXkGWKVcjlxX2zSJklJMZIT5j7RHD81450524940","http://localhost:3000/:/:572354137","rZVB6wcPlWaMpSYdrB4BSEg8lpgjnOGGpRnPpAnSj0Qq12etOm1450524940","1450540078"
"1500","0.01","move","1203","36","497","1707","class:nav-bead","localhost:3000","localhost:3000","undefined yet","nav-bead","class","1","EtqVhkGE1cN7RtFVKkE5vXkGWKVcjlxX2zSJklJMZIT5j7RHD81450524940","http://localhost:3000/:/:572354137","rZVB6wcPlWaMpSYdrB4BSEg8lpgjnOGGpRnPpAnSj0Qq12etOm1450524940","1450540078"
"1501","0.01","move","1216","36","497","1707","class:nav-bead","localhost:3000","localhost:3000","undefined yet","nav-bead","class","1","EtqVhkGE1cN7RtFVKkE5vXkGWKVcjlxX2zSJklJMZIT5j7RHD81450524940","http://localhost:3000/:/:572354137","rZVB6wcPlWaMpSYdrB4BSEg8lpgjnOGGpRnPpAnSj0Qq12etOm1450524940","1450540078"
"1502","0.03","move","1232","38","497","1707","class:nav-bead","localhost:3000","localhost:3000","undefined yet","nav-bead","class","1","EtqVhkGE1cN7RtFVKkE5vXkGWKVcjlxX2zSJklJMZIT5j7RHD81450524940","http://localhost:3000/:/:572354137","rZVB6wcPlWaMpSYdrB4BSEg8lpgjnOGGpRnPpAnSj0Qq12etOm1450524940","1450540078"
"1503","0.03","move","1245","39","497","1707","class:nav-bead","localhost:3000","localhost:3000","undefined yet","nav-bead","class","1","EtqVhkGE1cN7RtFVKkE5vXkGWKVcjlxX2zSJklJMZIT5j7RHD81450524940","http://localhost:3000/:/:572354137","rZVB6wcPlWaMpSYdrB4BSEg8lpgjnOGGpRnPpAnSj0Qq12etOm1450524940","1450540078"
"1504","0.03","move","1259","40","497","1707","class:nav-bead","localhost:3000","localhost:3000","undefined yet","nav-bead","class","1","EtqVhkGE1cN7RtFVKkE5vXkGWKVcjlxX2zSJklJMZIT5j7RHD81450524940","http://localhost:3000/:/:572354137","rZVB6wcPlWaMpSYdrB4BSEg8lpgjnOGGpRnPpAnSj0Qq12etOm1450524940","1450540078"
"1505","0.03","move","1272","41","497","1707","class:nav-bead","localhost:3000","localhost:3000","undefined yet","nav-bead","class","1","EtqVhkGE1cN7RtFVKkE5vXkGWKVcjlxX2zSJklJMZIT5j7RHD81450524940","http://localhost:3000/:/:572354137","rZVB6wcPlWaMpSYdrB4BSEg8lpgjnOGGpRnPpAnSj0Qq12etOm1450524940","1450540078"
"1506","0.03","move","1289","42","497","1707","class:nav-bead","localhost:3000","localhost:3000","undefined yet","nav-bead","class","1","EtqVhkGE1cN7RtFVKkE5vXkGWKVcjlxX2zSJklJMZIT5j7RHD81450524940","http://localhost:3000/:/:572354137","rZVB6wcPlWaMpSYdrB4BSEg8lpgjnOGGpRnPpAnSj0Qq12etOm1450524940","1450540078"
"1507","0.03","move","1310","44","497","1707","class:nav-bead","localhost:3000","localhost:3000","undefined yet","nav-bead","class","1","EtqVhkGE1cN7RtFVKkE5vXkGWKVcjlxX2zSJklJMZIT5j7RHD81450524940","http://localhost:3000/:/:572354137","rZVB6wcPlWaMpSYdrB4BSEg8lpgjnOGGpRnPpAnSj0Qq12etOm1450524940","1450540078"
"1508","0.01","move","1321","44","497","1707","class:nav-bead","localhost:3000","localhost:3000","undefined yet","nav-bead","class","1","EtqVhkGE1cN7RtFVKkE5vXkGWKVcjlxX2zSJklJMZIT5j7RHD81450524940","http://localhost:3000/:/:572354137","rZVB6wcPlWaMpSYdrB4BSEg8lpgjnOGGpRnPpAnSj0Qq12etOm1450524940","1450540078"
"1509","0.01","move","1333","45","497","1707","class:nav-bead","localhost:3000","localhost:3000","undefined yet","nav-bead","class","1","EtqVhkGE1cN7RtFVKkE5vXkGWKVcjlxX2zSJklJMZIT5j7RHD81450524940","http://localhost:3000/:/:572354137","rZVB6wcPlWaMpSYdrB4BSEg8lpgjnOGGpRnPpAnSj0Qq12etOm1450524940","1450540078"
"1510","0.01","move","1345","45","497","1707","class:nav-bead","localhost:3000","localhost:3000","undefined yet","nav-bead","class","1","EtqVhkGE1cN7RtFVKkE5vXkGWKVcjlxX2zSJklJMZIT5j7RHD81450524940","http://localhost:3000/:/:572354137","rZVB6wcPlWaMpSYdrB4BSEg8lpgjnOGGpRnPpAnSj0Qq12etOm1450524940","1450540078"
"1511","0.01","move","1356","45","497","1707","class:nav-bead","localhost:3000","localhost:3000","undefined yet","nav-bead","class","1","EtqVhkGE1cN7RtFVKkE5vXkGWKVcjlxX2zSJklJMZIT5j7RHD81450524940","http://localhost:3000/:/:572354137","rZVB6wcPlWaMpSYdrB4BSEg8lpgjnOGGpRnPpAnSj0Qq12etOm1450524940","1450540078"
"1512","0.01","move","1368","45","497","1707","class:nav-bead","localhost:3000","localhost:3000","undefined yet","nav-bead","class","1","EtqVhkGE1cN7RtFVKkE5vXkGWKVcjlxX2zSJklJMZIT5j7RHD81450524940","http://localhost:3000/:/:572354137","rZVB6wcPlWaMpSYdrB4BSEg8lpgjnOGGpRnPpAnSj0Qq12etOm1450524940","1450540078"
"1513","0.03","move","1385","45","497","1707","class:nav-bead","localhost:3000","localhost:3000","undefined yet","nav-bead","class","1","EtqVhkGE1cN7RtFVKkE5vXkGWKVcjlxX2zSJklJMZIT5j7RHD81450524940","http://localhost:3000/:/:572354137","rZVB6wcPlWaMpSYdrB4BSEg8lpgjnOGGpRnPpAnSj0Qq12etOm1450524940","1450540078"
"1514","0.03","move","1402","45","497","1707","class:nav-bead","localhost:3000","localhost:3000","undefined yet","nav-bead","class","1","EtqVhkGE1cN7RtFVKkE5vXkGWKVcjlxX2zSJklJMZIT5j7RHD81450524940","http://localhost:3000/:/:572354137","rZVB6wcPlWaMpSYdrB4BSEg8lpgjnOGGpRnPpAnSj0Qq12etOm1450524940","1450540078"
"1515","0.04","move","1416","45","497","1707","class:nav-bead","localhost:3000","localhost:3000","undefined yet","nav-bead","class","1","EtqVhkGE1cN7RtFVKkE5vXkGWKVcjlxX2zSJklJMZIT5j7RHD81450524940","http://localhost:3000/:/:572354137","rZVB6wcPlWaMpSYdrB4BSEg8lpgjnOGGpRnPpAnSj0Qq12etOm1450524940","1450540078"
"1516","0.28","click","1422","45","497","1707","class:nav-bead","localhost:3000","localhost:3000","undefined yet","nav-bead","class","1","EtqVhkGE1cN7RtFVKkE5vXkGWKVcjlxX2zSJklJMZIT5j7RHD81450524940","http://localhost:3000/:/:572354137","rZVB6wcPlWaMpSYdrB4BSEg8lpgjnOGGpRnPpAnSj0Qq12etOm1450524940","1450540079"
"1517","0.45","move","1437","52","497","1707","class:nav-bead","localhost:3000","localhost:3000","undefined yet","nav-bead","class","1","EtqVhkGE1cN7RtFVKkE5vXkGWKVcjlxX2zSJklJMZIT5j7RHD81450524940","http://localhost:3000/:/:572354137","rZVB6wcPlWaMpSYdrB4BSEg8lpgjnOGGpRnPpAnSj0Qq12etOm1450524940","1450540079"
"1518","0.01","move","1463","65","497","1707","class:nav-bead","localhost:3000","localhost:3000","undefined yet","nav-bead","class","1","EtqVhkGE1cN7RtFVKkE5vXkGWKVcjlxX2zSJklJMZIT5j7RHD81450524940","http://localhost:3000/:/:572354137","rZVB6wcPlWaMpSYdrB4BSEg8lpgjnOGGpRnPpAnSj0Qq12etOm1450524940","1450540079"
"1519","0.01","move","1482","75","497","1707","n","localhost:3000","localhost:3000","undefined yet","undefined","n","1","EtqVhkGE1cN7RtFVKkE5vXkGWKVcjlxX2zSJklJMZIT5j7RHD81450524940","http://localhost:3000/:/:572354137","rZVB6wcPlWaMpSYdrB4BSEg8lpgjnOGGpRnPpAnSj0Qq12etOm1450524940","1450540079"
"1520","0.01","move","1507","89","497","1707","n","localhost:3000","localhost:3000","undefined yet","undefined","n","1","EtqVhkGE1cN7RtFVKkE5vXkGWKVcjlxX2zSJklJMZIT5j7RHD81450524940","http://localhost:3000/:/:572354137","rZVB6wcPlWaMpSYdrB4BSEg8lpgjnOGGpRnPpAnSj0Qq12etOm1450524940","1450540079"
"1521","0.01","move","1522","96","497","1707","class:Logo_parent","localhost:3000","localhost:3000","undefined yet","Logo_parent","class","1","EtqVhkGE1cN7RtFVKkE5vXkGWKVcjlxX2zSJklJMZIT5j7RHD81450524940","http://localhost:3000/:/:572354137","rZVB6wcPlWaMpSYdrB4BSEg8lpgjnOGGpRnPpAnSj0Qq12etOm1450524940","1450540079"
"1522","0.01","move","1537","104","497","1707","class:Logo_parent","localhost:3000","localhost:3000","undefined yet","Logo_parent","class","1","EtqVhkGE1cN7RtFVKkE5vXkGWKVcjlxX2zSJklJMZIT5j7RHD81450524940","http://localhost:3000/:/:572354137","rZVB6wcPlWaMpSYdrB4BSEg8lpgjnOGGpRnPpAnSj0Qq12etOm1450524940","1450540079"
"1523","0.01","move","1551","112","497","1707","class:Logo_parent","localhost:3000","localhost:3000","undefined yet","Logo_parent","class","1","EtqVhkGE1cN7RtFVKkE5vXkGWKVcjlxX2zSJklJMZIT5j7RHD81450524940","http://localhost:3000/:/:572354137","rZVB6wcPlWaMpSYdrB4BSEg8lpgjnOGGpRnPpAnSj0Qq12etOm1450524940","1450540079"
"1524","0.01","move","1562","117","497","1707","class:Logo_parent","localhost:3000","localhost:3000","undefined yet","Logo_parent","class","1","EtqVhkGE1cN7RtFVKkE5vXkGWKVcjlxX2zSJklJMZIT5j7RHD81450524940","http://localhost:3000/:/:572354137","rZVB6wcPlWaMpSYdrB4BSEg8lpgjnOGGpRnPpAnSj0Qq12etOm1450524940","1450540079"
"1525","0.01","move","1573","120","497","1707","class:Logo_parent","localhost:3000","localhost:3000","undefined yet","Logo_parent","class","1","EtqVhkGE1cN7RtFVKkE5vXkGWKVcjlxX2zSJklJMZIT5j7RHD81450524940","http://localhost:3000/:/:572354137","rZVB6wcPlWaMpSYdrB4BSEg8lpgjnOGGpRnPpAnSj0Qq12etOm1450524940","1450540079"
"1526","0.03","move","1590","126","497","1707","class:Logo_parent","localhost:3000","localhost:3000","undefined yet","Logo_parent","class","1","EtqVhkGE1cN7RtFVKkE5vXkGWKVcjlxX2zSJklJMZIT5j7RHD81450524940","http://localhost:3000/:/:572354137","rZVB6wcPlWaMpSYdrB4BSEg8lpgjnOGGpRnPpAnSj0Qq12etOm1450524940","1450540079"
"1527","0.03","move","1605","130","497","1707","class:Logo_parent","localhost:3000","localhost:3000","undefined yet","Logo_parent","class","1","EtqVhkGE1cN7RtFVKkE5vXkGWKVcjlxX2zSJklJMZIT5j7RHD81450524940","http://localhost:3000/:/:572354137","rZVB6wcPlWaMpSYdrB4BSEg8lpgjnOGGpRnPpAnSj0Qq12etOm1450524940","1450540079"
"1528","0.03","move","1617","133","497","1707","class:Logo_parent","localhost:3000","localhost:3000","undefined yet","Logo_parent","class","1","EtqVhkGE1cN7RtFVKkE5vXkGWKVcjlxX2zSJklJMZIT5j7RHD81450524940","http://localhost:3000/:/:572354137","rZVB6wcPlWaMpSYdrB4BSEg8lpgjnOGGpRnPpAnSj0Qq12etOm1450524940","1450540079"
"1529","0.03","move","1629","136","497","1707","class:Logo_parent","localhost:3000","localhost:3000","undefined yet","Logo_parent","class","1","EtqVhkGE1cN7RtFVKkE5vXkGWKVcjlxX2zSJklJMZIT5j7RHD81450524940","http://localhost:3000/:/:572354137","rZVB6wcPlWaMpSYdrB4BSEg8lpgjnOGGpRnPpAnSj0Qq12etOm1450524940","1450540079"
"1530","0.04","move","1643","140","497","1707","class:Logo_parent","localhost:3000","localhost:3000","undefined yet","Logo_parent","class","1","EtqVhkGE1cN7RtFVKkE5vXkGWKVcjlxX2zSJklJMZIT5j7RHD81450524940","http://localhost:3000/:/:572354137","rZVB6wcPlWaMpSYdrB4BSEg8lpgjnOGGpRnPpAnSj0Qq12etOm1450524940","1450540079"
"1531","0.08","move","1654","141","497","1707","class:Logo_parent","localhost:3000","localhost:3000","undefined yet","Logo_parent","class","1","EtqVhkGE1cN7RtFVKkE5vXkGWKVcjlxX2zSJklJMZIT5j7RHD81450524940","http://localhost:3000/:/:572354137","rZVB6wcPlWaMpSYdrB4BSEg8lpgjnOGGpRnPpAnSj0Qq12etOm1450524940","1450540079"
"1532","0.04","move","1666","147","497","1707","class:Logo_parent","localhost:3000","localhost:3000","undefined yet","Logo_parent","class","1","EtqVhkGE1cN7RtFVKkE5vXkGWKVcjlxX2zSJklJMZIT5j7RHD81450524940","http://localhost:3000/:/:572354137","rZVB6wcPlWaMpSYdrB4BSEg8lpgjnOGGpRnPpAnSj0Qq12etOm1450524940","1450540079"
"1533","0.76","move","1430","163","497","1707","class:Logo_parent","localhost:3000","localhost:3000","undefined yet","Logo_parent","class","1","EtqVhkGE1cN7RtFVKkE5vXkGWKVcjlxX2zSJklJMZIT5j7RHD81450524940","http://localhost:3000/:/:572354137","rZVB6wcPlWaMpSYdrB4BSEg8lpgjnOGGpRnPpAnSj0Qq12etOm1450524940","1450540080"
"1534","0.31","move","1389","151","497","1707","class:Logo_parent","localhost:3000","localhost:3000","undefined yet","Logo_parent","class","1","EtqVhkGE1cN7RtFVKkE5vXkGWKVcjlxX2zSJklJMZIT5j7RHD81450524940","http://localhost:3000/:/:572354137","rZVB6wcPlWaMpSYdrB4BSEg8lpgjnOGGpRnPpAnSj0Qq12etOm1450524940","1450540081"
"1535","0.86","move","1370","159","497","1707","class:Logo_parent","localhost:3000","localhost:3000","undefined yet","Logo_parent","class","1","EtqVhkGE1cN7RtFVKkE5vXkGWKVcjlxX2zSJklJMZIT5j7RHD81450524940","http://localhost:3000/:/:572354137","rZVB6wcPlWaMpSYdrB4BSEg8lpgjnOGGpRnPpAnSj0Qq12etOm1450524940","1450540081"
"1536","0.03","move","1354","171","497","1707","class:Logo_parent","localhost:3000","localhost:3000","undefined yet","Logo_parent","class","1","EtqVhkGE1cN7RtFVKkE5vXkGWKVcjlxX2zSJklJMZIT5j7RHD81450524940","http://localhost:3000/:/:572354137","rZVB6wcPlWaMpSYdrB4BSEg8lpgjnOGGpRnPpAnSj0Qq12etOm1450524940","1450540081"
"1537","0.01","move","1339","179","497","1707","class:Logo_parent","localhost:3000","localhost:3000","undefined yet","Logo_parent","class","1","EtqVhkGE1cN7RtFVKkE5vXkGWKVcjlxX2zSJklJMZIT5j7RHD81450524940","http://localhost:3000/:/:572354137","rZVB6wcPlWaMpSYdrB4BSEg8lpgjnOGGpRnPpAnSj0Qq12etOm1450524940","1450540081"
"1538","0.01","move","1327","184","497","1707","class:Logo_parent","localhost:3000","localhost:3000","undefined yet","Logo_parent","class","1","EtqVhkGE1cN7RtFVKkE5vXkGWKVcjlxX2zSJklJMZIT5j7RHD81450524940","http://localhost:3000/:/:572354137","rZVB6wcPlWaMpSYdrB4BSEg8lpgjnOGGpRnPpAnSj0Qq12etOm1450524940","1450540081"
"1539","0.01","move","1311","189","497","1707","class:Logo_parent","localhost:3000","localhost:3000","undefined yet","Logo_parent","class","1","EtqVhkGE1cN7RtFVKkE5vXkGWKVcjlxX2zSJklJMZIT5j7RHD81450524940","http://localhost:3000/:/:572354137","rZVB6wcPlWaMpSYdrB4BSEg8lpgjnOGGpRnPpAnSj0Qq12etOm1450524940","1450540081"
"1540","0.03","move","1296","195","497","1707","class:Logo_parent","localhost:3000","localhost:3000","undefined yet","Logo_parent","class","1","EtqVhkGE1cN7RtFVKkE5vXkGWKVcjlxX2zSJklJMZIT5j7RHD81450524940","http://localhost:3000/:/:572354137","rZVB6wcPlWaMpSYdrB4BSEg8lpgjnOGGpRnPpAnSj0Qq12etOm1450524940","1450540082"
"1541","0.30","scroll","0","0","497","1707","n","localhost:3000","localhost:3000","undefined yet","undefined","n","1","EtqVhkGE1cN7RtFVKkE5vXkGWKVcjlxX2zSJklJMZIT5j7RHD81450524940","http://localhost:3000/:/:572354137","rZVB6wcPlWaMpSYdrB4BSEg8lpgjnOGGpRnPpAnSj0Qq12etOm1450524940","1450540082"
"1542","0.03","scroll","0","0","497","1707","n","localhost:3000","localhost:3000","undefined yet","undefined","n","1","EtqVhkGE1cN7RtFVKkE5vXkGWKVcjlxX2zSJklJMZIT5j7RHD81450524940","http://localhost:3000/:/:572354137","rZVB6wcPlWaMpSYdrB4BSEg8lpgjnOGGpRnPpAnSj0Qq12etOm1450524940","1450540082"
"1543","0.03","scroll","0","0","497","1707","n","localhost:3000","localhost:3000","undefined yet","undefined","n","1","EtqVhkGE1cN7RtFVKkE5vXkGWKVcjlxX2zSJklJMZIT5j7RHD81450524940","http://localhost:3000/:/:572354137","rZVB6wcPlWaMpSYdrB4BSEg8lpgjnOGGpRnPpAnSj0Qq12etOm1450524940","1450540082"
"1544","0.02","scroll","0","0","497","1707","n","localhost:3000","localhost:3000","undefined yet","undefined","n","1","EtqVhkGE1cN7RtFVKkE5vXkGWKVcjlxX2zSJklJMZIT5j7RHD81450524940","http://localhost:3000/:/:572354137","rZVB6wcPlWaMpSYdrB4BSEg8lpgjnOGGpRnPpAnSj0Qq12etOm1450524940","1450540082"
"1545","0.03","scroll","0","0","497","1707","n","localhost:3000","localhost:3000","undefined yet","undefined","n","1","EtqVhkGE1cN7RtFVKkE5vXkGWKVcjlxX2zSJklJMZIT5j7RHD81450524940","http://localhost:3000/:/:572354137","rZVB6wcPlWaMpSYdrB4BSEg8lpgjnOGGpRnPpAnSj0Qq12etOm1450524940","1450540082"
"1546","0.02","scroll","0","0","497","1707","n","localhost:3000","localhost:3000","undefined yet","undefined","n","1","EtqVhkGE1cN7RtFVKkE5vXkGWKVcjlxX2zSJklJMZIT5j7RHD81450524940","http://localhost:3000/:/:572354137","rZVB6wcPlWaMpSYdrB4BSEg8lpgjnOGGpRnPpAnSj0Qq12etOm1450524940","1450540082"
"1547","0.03","scroll","0","0","497","1707","n","localhost:3000","localhost:3000","undefined yet","undefined","n","1","EtqVhkGE1cN7RtFVKkE5vXkGWKVcjlxX2zSJklJMZIT5j7RHD81450524940","http://localhost:3000/:/:572354137","rZVB6wcPlWaMpSYdrB4BSEg8lpgjnOGGpRnPpAnSj0Qq12etOm1450524940","1450540082"
"1548","0.04","scroll","0","0","497","1707","n","localhost:3000","localhost:3000","undefined yet","undefined","n","1","EtqVhkGE1cN7RtFVKkE5vXkGWKVcjlxX2zSJklJMZIT5j7RHD81450524940","http://localhost:3000/:/:572354137","rZVB6wcPlWaMpSYdrB4BSEg8lpgjnOGGpRnPpAnSj0Qq12etOm1450524940","1450540082"
"1549","0.04","scroll","0","0","497","1707","n","localhost:3000","localhost:3000","undefined yet","undefined","n","1","EtqVhkGE1cN7RtFVKkE5vXkGWKVcjlxX2zSJklJMZIT5j7RHD81450524940","http://localhost:3000/:/:572354137","rZVB6wcPlWaMpSYdrB4BSEg8lpgjnOGGpRnPpAnSj0Qq12etOm1450524940","1450540082"
"1550","0.08","scroll","0","0","497","1707","n","localhost:3000","localhost:3000","undefined yet","undefined","n","1","EtqVhkGE1cN7RtFVKkE5vXkGWKVcjlxX2zSJklJMZIT5j7RHD81450524940","http://localhost:3000/:/:572354137","rZVB6wcPlWaMpSYdrB4BSEg8lpgjnOGGpRnPpAnSj0Qq12etOm1450524940","1450540082"
"1551","0.18","scroll","0","0","497","1707","n","localhost:3000","localhost:3000","undefined yet","undefined","n","1","EtqVhkGE1cN7RtFVKkE5vXkGWKVcjlxX2zSJklJMZIT5j7RHD81450524940","http://localhost:3000/:/:572354137","rZVB6wcPlWaMpSYdrB4BSEg8lpgjnOGGpRnPpAnSj0Qq12etOm1450524940","1450540082"
"1552","3.64","move","1282","197","497","1707","class:Logo_parent","localhost:3000","localhost:3000","undefined yet","Logo_parent","class","1","EtqVhkGE1cN7RtFVKkE5vXkGWKVcjlxX2zSJklJMZIT5j7RHD81450524940","http://localhost:3000/:/:572354137","rZVB6wcPlWaMpSYdrB4BSEg8lpgjnOGGpRnPpAnSj0Qq12etOm1450524940","1450540086"
"1553","0.01","move","1271","199","497","1707","class:Logo_parent","localhost:3000","localhost:3000","undefined yet","Logo_parent","class","1","EtqVhkGE1cN7RtFVKkE5vXkGWKVcjlxX2zSJklJMZIT5j7RHD81450524940","http://localhost:3000/:/:572354137","rZVB6wcPlWaMpSYdrB4BSEg8lpgjnOGGpRnPpAnSj0Qq12etOm1450524940","1450540086"
"1554","0.01","move","1256","201","497","1707","class:Logo_parent","localhost:3000","localhost:3000","undefined yet","Logo_parent","class","1","EtqVhkGE1cN7RtFVKkE5vXkGWKVcjlxX2zSJklJMZIT5j7RHD81450524940","http://localhost:3000/:/:572354137","rZVB6wcPlWaMpSYdrB4BSEg8lpgjnOGGpRnPpAnSj0Qq12etOm1450524940","1450540086"
"1555","0.01","move","1236","204","497","1707","class:Logo_parent","localhost:3000","localhost:3000","undefined yet","Logo_parent","class","1","EtqVhkGE1cN7RtFVKkE5vXkGWKVcjlxX2zSJklJMZIT5j7RHD81450524940","http://localhost:3000/:/:572354137","rZVB6wcPlWaMpSYdrB4BSEg8lpgjnOGGpRnPpAnSj0Qq12etOm1450524940","1450540086"
"1556","0.01","move","1213","207","497","1707","class:Logo_parent","localhost:3000","localhost:3000","undefined yet","Logo_parent","class","1","EtqVhkGE1cN7RtFVKkE5vXkGWKVcjlxX2zSJklJMZIT5j7RHD81450524940","http://localhost:3000/:/:572354137","rZVB6wcPlWaMpSYdrB4BSEg8lpgjnOGGpRnPpAnSj0Qq12etOm1450524940","1450540086"
"1557","0.01","move","1184","211","497","1707","class:Logo_parent","localhost:3000","localhost:3000","undefined yet","Logo_parent","class","1","EtqVhkGE1cN7RtFVKkE5vXkGWKVcjlxX2zSJklJMZIT5j7RHD81450524940","http://localhost:3000/:/:572354137","rZVB6wcPlWaMpSYdrB4BSEg8lpgjnOGGpRnPpAnSj0Qq12etOm1450524940","1450540086"
"1558","0.01","move","1153","215","497","1707","class:Logo_parent","localhost:3000","localhost:3000","undefined yet","Logo_parent","class","1","EtqVhkGE1cN7RtFVKkE5vXkGWKVcjlxX2zSJklJMZIT5j7RHD81450524940","http://localhost:3000/:/:572354137","rZVB6wcPlWaMpSYdrB4BSEg8lpgjnOGGpRnPpAnSj0Qq12etOm1450524940","1450540086"
"1559","0.01","move","1122","220","497","1707","class:Logo_parent","localhost:3000","localhost:3000","undefined yet","Logo_parent","class","1","EtqVhkGE1cN7RtFVKkE5vXkGWKVcjlxX2zSJklJMZIT5j7RHD81450524940","http://localhost:3000/:/:572354137","rZVB6wcPlWaMpSYdrB4BSEg8lpgjnOGGpRnPpAnSj0Qq12etOm1450524940","1450540086"
"1560","0.01","move","1092","224","497","1707","class:Logo_parent","localhost:3000","localhost:3000","undefined yet","Logo_parent","class","1","EtqVhkGE1cN7RtFVKkE5vXkGWKVcjlxX2zSJklJMZIT5j7RHD81450524940","http://localhost:3000/:/:572354137","rZVB6wcPlWaMpSYdrB4BSEg8lpgjnOGGpRnPpAnSj0Qq12etOm1450524940","1450540086"
"1561","0.01","move","1063","228","497","1707","class:info","localhost:3000","localhost:3000","undefined yet","info","class","1","EtqVhkGE1cN7RtFVKkE5vXkGWKVcjlxX2zSJklJMZIT5j7RHD81450524940","http://localhost:3000/:/:572354137","rZVB6wcPlWaMpSYdrB4BSEg8lpgjnOGGpRnPpAnSj0Qq12etOm1450524940","1450540086"
"1562","0.01","move","1037","231","497","1707","class:info","localhost:3000","localhost:3000","undefined yet","info","class","1","EtqVhkGE1cN7RtFVKkE5vXkGWKVcjlxX2zSJklJMZIT5j7RHD81450524940","http://localhost:3000/:/:572354137","rZVB6wcPlWaMpSYdrB4BSEg8lpgjnOGGpRnPpAnSj0Qq12etOm1450524940","1450540086"
"1563","0.01","move","1009","234","497","1707","class:info","localhost:3000","localhost:3000","undefined yet","info","class","1","EtqVhkGE1cN7RtFVKkE5vXkGWKVcjlxX2zSJklJMZIT5j7RHD81450524940","http://localhost:3000/:/:572354137","rZVB6wcPlWaMpSYdrB4BSEg8lpgjnOGGpRnPpAnSj0Qq12etOm1450524940","1450540086"
"1564","0.01","move","983","237","497","1707","class:info","localhost:3000","localhost:3000","undefined yet","info","class","1","EtqVhkGE1cN7RtFVKkE5vXkGWKVcjlxX2zSJklJMZIT5j7RHD81450524940","http://localhost:3000/:/:572354137","rZVB6wcPlWaMpSYdrB4BSEg8lpgjnOGGpRnPpAnSj0Qq12etOm1450524940","1450540086"
"1565","0.01","move","953","243","497","1707","class:info","localhost:3000","localhost:3000","undefined yet","info","class","1","EtqVhkGE1cN7RtFVKkE5vXkGWKVcjlxX2zSJklJMZIT5j7RHD81450524940","http://localhost:3000/:/:572354137","rZVB6wcPlWaMpSYdrB4BSEg8lpgjnOGGpRnPpAnSj0Qq12etOm1450524940","1450540086"
"1566","0.01","move","923","249","497","1707","class:info","localhost:3000","localhost:3000","undefined yet","info","class","1","EtqVhkGE1cN7RtFVKkE5vXkGWKVcjlxX2zSJklJMZIT5j7RHD81450524940","http://localhost:3000/:/:572354137","rZVB6wcPlWaMpSYdrB4BSEg8lpgjnOGGpRnPpAnSj0Qq12etOm1450524940","1450540086"
"1567","0.01","move","888","256","497","1707","class:info","localhost:3000","localhost:3000","undefined yet","info","class","1","EtqVhkGE1cN7RtFVKkE5vXkGWKVcjlxX2zSJklJMZIT5j7RHD81450524940","http://localhost:3000/:/:572354137","rZVB6wcPlWaMpSYdrB4BSEg8lpgjnOGGpRnPpAnSj0Qq12etOm1450524940","1450540086"
"1568","0.01","move","855","261","497","1707","n","localhost:3000","localhost:3000","undefined yet","undefined","n","1","EtqVhkGE1cN7RtFVKkE5vXkGWKVcjlxX2zSJklJMZIT5j7RHD81450524940","http://localhost:3000/:/:572354137","rZVB6wcPlWaMpSYdrB4BSEg8lpgjnOGGpRnPpAnSj0Qq12etOm1450524940","1450540086"
"1569","0.01","move","824","264","497","1707","n","localhost:3000","localhost:3000","undefined yet","undefined","n","1","EtqVhkGE1cN7RtFVKkE5vXkGWKVcjlxX2zSJklJMZIT5j7RHD81450524940","http://localhost:3000/:/:572354137","rZVB6wcPlWaMpSYdrB4BSEg8lpgjnOGGpRnPpAnSj0Qq12etOm1450524940","1450540086"
"1570","0.01","move","793","267","497","1707","n","localhost:3000","localhost:3000","undefined yet","undefined","n","1","EtqVhkGE1cN7RtFVKkE5vXkGWKVcjlxX2zSJklJMZIT5j7RHD81450524940","http://localhost:3000/:/:572354137","rZVB6wcPlWaMpSYdrB4BSEg8lpgjnOGGpRnPpAnSj0Qq12etOm1450524940","1450540086"
"1571","0.01","move","776","268","497","1707","n","localhost:3000","localhost:3000","undefined yet","undefined","n","1","EtqVhkGE1cN7RtFVKkE5vXkGWKVcjlxX2zSJklJMZIT5j7RHD81450524940","http://localhost:3000/:/:572354137","rZVB6wcPlWaMpSYdrB4BSEg8lpgjnOGGpRnPpAnSj0Qq12etOm1450524940","1450540086"
"1572","0.01","move","764","270","497","1707","n","localhost:3000","localhost:3000","undefined yet","undefined","n","1","EtqVhkGE1cN7RtFVKkE5vXkGWKVcjlxX2zSJklJMZIT5j7RHD81450524940","http://localhost:3000/:/:572354137","rZVB6wcPlWaMpSYdrB4BSEg8lpgjnOGGpRnPpAnSj0Qq12etOm1450524940","1450540086"
"1573","0.03","move","750","270","497","1707","n","localhost:3000","localhost:3000","undefined yet","undefined","n","1","EtqVhkGE1cN7RtFVKkE5vXkGWKVcjlxX2zSJklJMZIT5j7RHD81450524940","http://localhost:3000/:/:572354137","rZVB6wcPlWaMpSYdrB4BSEg8lpgjnOGGpRnPpAnSj0Qq12etOm1450524940","1450540086"
"1574","0.24","move","734","270","497","1707","n","localhost:3000","localhost:3000","undefined yet","undefined","n","1","EtqVhkGE1cN7RtFVKkE5vXkGWKVcjlxX2zSJklJMZIT5j7RHD81450524940","http://localhost:3000/:/:572354137","rZVB6wcPlWaMpSYdrB4BSEg8lpgjnOGGpRnPpAnSj0Qq12etOm1450524940","1450540087"
"1575","0.02","move","716","271","497","1707","n","localhost:3000","localhost:3000","undefined yet","undefined","n","1","EtqVhkGE1cN7RtFVKkE5vXkGWKVcjlxX2zSJklJMZIT5j7RHD81450524940","http://localhost:3000/:/:572354137","rZVB6wcPlWaMpSYdrB4BSEg8lpgjnOGGpRnPpAnSj0Qq12etOm1450524940","1450540087"
"1576","0.01","move","702","272","497","1707","n","localhost:3000","localhost:3000","undefined yet","undefined","n","1","EtqVhkGE1cN7RtFVKkE5vXkGWKVcjlxX2zSJklJMZIT5j7RHD81450524940","http://localhost:3000/:/:572354137","rZVB6wcPlWaMpSYdrB4BSEg8lpgjnOGGpRnPpAnSj0Qq12etOm1450524940","1450540087"
"1577","0.01","move","685","275","497","1707","n","localhost:3000","localhost:3000","undefined yet","undefined","n","1","EtqVhkGE1cN7RtFVKkE5vXkGWKVcjlxX2zSJklJMZIT5j7RHD81450524940","http://localhost:3000/:/:572354137","rZVB6wcPlWaMpSYdrB4BSEg8lpgjnOGGpRnPpAnSj0Qq12etOm1450524940","1450540087"
"1578","0.01","move","671","276","497","1707","n","localhost:3000","localhost:3000","undefined yet","undefined","n","1","EtqVhkGE1cN7RtFVKkE5vXkGWKVcjlxX2zSJklJMZIT5j7RHD81450524940","http://localhost:3000/:/:572354137","rZVB6wcPlWaMpSYdrB4BSEg8lpgjnOGGpRnPpAnSj0Qq12etOm1450524940","1450540087"
"1579","0.01","move","659","277","497","1707","n","localhost:3000","localhost:3000","undefined yet","undefined","n","1","EtqVhkGE1cN7RtFVKkE5vXkGWKVcjlxX2zSJklJMZIT5j7RHD81450524940","http://localhost:3000/:/:572354137","rZVB6wcPlWaMpSYdrB4BSEg8lpgjnOGGpRnPpAnSj0Qq12etOm1450524940","1450540087"
"1580","0.03","move","644","280","497","1707","n","localhost:3000","localhost:3000","undefined yet","undefined","n","1","EtqVhkGE1cN7RtFVKkE5vXkGWKVcjlxX2zSJklJMZIT5j7RHD81450524940","http://localhost:3000/:/:572354137","rZVB6wcPlWaMpSYdrB4BSEg8lpgjnOGGpRnPpAnSj0Qq12etOm1450524940","1450540087"
"1581","0.04","move","632","283","497","1707","n","localhost:3000","localhost:3000","undefined yet","undefined","n","1","EtqVhkGE1cN7RtFVKkE5vXkGWKVcjlxX2zSJklJMZIT5j7RHD81450524940","http://localhost:3000/:/:572354137","rZVB6wcPlWaMpSYdrB4BSEg8lpgjnOGGpRnPpAnSj0Qq12etOm1450524940","1450540087"
"1582","0.08","move","621","284","497","1707","n","localhost:3000","localhost:3000","undefined yet","undefined","n","1","EtqVhkGE1cN7RtFVKkE5vXkGWKVcjlxX2zSJklJMZIT5j7RHD81450524940","http://localhost:3000/:/:572354137","rZVB6wcPlWaMpSYdrB4BSEg8lpgjnOGGpRnPpAnSj0Qq12etOm1450524940","1450540087"
"1583","0.18","move","607","282","497","1707","n","localhost:3000","localhost:3000","undefined yet","undefined","n","1","EtqVhkGE1cN7RtFVKkE5vXkGWKVcjlxX2zSJklJMZIT5j7RHD81450524940","http://localhost:3000/:/:572354137","rZVB6wcPlWaMpSYdrB4BSEg8lpgjnOGGpRnPpAnSj0Qq12etOm1450524940","1450540087"
"1584","0.06","move","595","280","497","1707","n","localhost:3000","localhost:3000","undefined yet","undefined","n","1","EtqVhkGE1cN7RtFVKkE5vXkGWKVcjlxX2zSJklJMZIT5j7RHD81450524940","http://localhost:3000/:/:572354137","rZVB6wcPlWaMpSYdrB4BSEg8lpgjnOGGpRnPpAnSj0Qq12etOm1450524940","1450540087"
"1585","0.10","move","583","280","497","1707","n","localhost:3000","localhost:3000","undefined yet","undefined","n","1","EtqVhkGE1cN7RtFVKkE5vXkGWKVcjlxX2zSJklJMZIT5j7RHD81450524940","http://localhost:3000/:/:572354137","rZVB6wcPlWaMpSYdrB4BSEg8lpgjnOGGpRnPpAnSj0Qq12etOm1450524940","1450540087"
"1586","0.08","move","571","280","497","1707","n","localhost:3000","localhost:3000","undefined yet","undefined","n","1","EtqVhkGE1cN7RtFVKkE5vXkGWKVcjlxX2zSJklJMZIT5j7RHD81450524940","http://localhost:3000/:/:572354137","rZVB6wcPlWaMpSYdrB4BSEg8lpgjnOGGpRnPpAnSj0Qq12etOm1450524940","1450540087"
"1587","0.15","move","589","278","497","1707","n","localhost:3000","localhost:3000","undefined yet","undefined","n","1","EtqVhkGE1cN7RtFVKkE5vXkGWKVcjlxX2zSJklJMZIT5j7RHD81450524940","http://localhost:3000/:/:572354137","rZVB6wcPlWaMpSYdrB4BSEg8lpgjnOGGpRnPpAnSj0Qq12etOm1450524940","1450540088"
"1588","0.03","move","610","272","497","1707","n","localhost:3000","localhost:3000","undefined yet","undefined","n","1","EtqVhkGE1cN7RtFVKkE5vXkGWKVcjlxX2zSJklJMZIT5j7RHD81450524940","http://localhost:3000/:/:572354137","rZVB6wcPlWaMpSYdrB4BSEg8lpgjnOGGpRnPpAnSj0Qq12etOm1450524940","1450540088"
"1589","0.01","move","624","267","497","1707","n","localhost:3000","localhost:3000","undefined yet","undefined","n","1","EtqVhkGE1cN7RtFVKkE5vXkGWKVcjlxX2zSJklJMZIT5j7RHD81450524940","http://localhost:3000/:/:572354137","rZVB6wcPlWaMpSYdrB4BSEg8lpgjnOGGpRnPpAnSj0Qq12etOm1450524940","1450540088"
"1590","0.01","move","636","259","497","1707","n","localhost:3000","localhost:3000","undefined yet","undefined","n","1","EtqVhkGE1cN7RtFVKkE5vXkGWKVcjlxX2zSJklJMZIT5j7RHD81450524940","http://localhost:3000/:/:572354137","rZVB6wcPlWaMpSYdrB4BSEg8lpgjnOGGpRnPpAnSj0Qq12etOm1450524940","1450540088"
"1591","0.01","move","649","249","497","1707","class:info","localhost:3000","localhost:3000","undefined yet","info","class","1","EtqVhkGE1cN7RtFVKkE5vXkGWKVcjlxX2zSJklJMZIT5j7RHD81450524940","http://localhost:3000/:/:572354137","rZVB6wcPlWaMpSYdrB4BSEg8lpgjnOGGpRnPpAnSj0Qq12etOm1450524940","1450540088"
"1592","0.01","move","662","236","497","1707","class:info","localhost:3000","localhost:3000","undefined yet","info","class","1","EtqVhkGE1cN7RtFVKkE5vXkGWKVcjlxX2zSJklJMZIT5j7RHD81450524940","http://localhost:3000/:/:572354137","rZVB6wcPlWaMpSYdrB4BSEg8lpgjnOGGpRnPpAnSj0Qq12etOm1450524940","1450540088"
"1593","0.01","move","680","213","497","1707","class:Logo_parent","localhost:3000","localhost:3000","undefined yet","Logo_parent","class","1","EtqVhkGE1cN7RtFVKkE5vXkGWKVcjlxX2zSJklJMZIT5j7RHD81450524940","http://localhost:3000/:/:572354137","rZVB6wcPlWaMpSYdrB4BSEg8lpgjnOGGpRnPpAnSj0Qq12etOm1450524940","1450540088"
"1594","0.01","move","691","197","497","1707","class:Logo_parent","localhost:3000","localhost:3000","undefined yet","Logo_parent","class","1","EtqVhkGE1cN7RtFVKkE5vXkGWKVcjlxX2zSJklJMZIT5j7RHD81450524940","http://localhost:3000/:/:572354137","rZVB6wcPlWaMpSYdrB4BSEg8lpgjnOGGpRnPpAnSj0Qq12etOm1450524940","1450540088"
"1595","0.01","move","706","177","497","1707","class:Logo_parent","localhost:3000","localhost:3000","undefined yet","Logo_parent","class","1","EtqVhkGE1cN7RtFVKkE5vXkGWKVcjlxX2zSJklJMZIT5j7RHD81450524940","http://localhost:3000/:/:572354137","rZVB6wcPlWaMpSYdrB4BSEg8lpgjnOGGpRnPpAnSj0Qq12etOm1450524940","1450540088"
"1596","0.01","move","717","161","497","1707","class:Logo_parent","localhost:3000","localhost:3000","undefined yet","Logo_parent","class","1","EtqVhkGE1cN7RtFVKkE5vXkGWKVcjlxX2zSJklJMZIT5j7RHD81450524940","http://localhost:3000/:/:572354137","rZVB6wcPlWaMpSYdrB4BSEg8lpgjnOGGpRnPpAnSj0Qq12etOm1450524940","1450540088"
"1597","0.01","move","731","145","497","1707","class:Logo_parent","localhost:3000","localhost:3000","undefined yet","Logo_parent","class","1","EtqVhkGE1cN7RtFVKkE5vXkGWKVcjlxX2zSJklJMZIT5j7RHD81450524940","http://localhost:3000/:/:572354137","rZVB6wcPlWaMpSYdrB4BSEg8lpgjnOGGpRnPpAnSj0Qq12etOm1450524940","1450540088"
"1598","0.01","move","742","131","497","1707","class:Logo_parent","localhost:3000","localhost:3000","undefined yet","Logo_parent","class","1","EtqVhkGE1cN7RtFVKkE5vXkGWKVcjlxX2zSJklJMZIT5j7RHD81450524940","http://localhost:3000/:/:572354137","rZVB6wcPlWaMpSYdrB4BSEg8lpgjnOGGpRnPpAnSj0Qq12etOm1450524940","1450540088"
"1599","0.03","move","763","112","497","1707","class:Logo","localhost:3000","localhost:3000","undefined yet","Logo","class","1","EtqVhkGE1cN7RtFVKkE5vXkGWKVcjlxX2zSJklJMZIT5j7RHD81450524940","http://localhost:3000/:/:572354137","rZVB6wcPlWaMpSYdrB4BSEg8lpgjnOGGpRnPpAnSj0Qq12etOm1450524940","1450540088"
"1600","0.01","move","774","103","497","1707","class:Logo","localhost:3000","localhost:3000","undefined yet","Logo","class","1","EtqVhkGE1cN7RtFVKkE5vXkGWKVcjlxX2zSJklJMZIT5j7RHD81450524940","http://localhost:3000/:/:572354137","rZVB6wcPlWaMpSYdrB4BSEg8lpgjnOGGpRnPpAnSj0Qq12etOm1450524940","1450540088"
"1601","0.03","move","793","88","497","1707","class:Logo","localhost:3000","localhost:3000","undefined yet","Logo","class","1","EtqVhkGE1cN7RtFVKkE5vXkGWKVcjlxX2zSJklJMZIT5j7RHD81450524940","http://localhost:3000/:/:572354137","rZVB6wcPlWaMpSYdrB4BSEg8lpgjnOGGpRnPpAnSj0Qq12etOm1450524940","1450540088"
"1602","0.03","move","810","78","497","1707","class:Logo","localhost:3000","localhost:3000","undefined yet","Logo","class","1","EtqVhkGE1cN7RtFVKkE5vXkGWKVcjlxX2zSJklJMZIT5j7RHD81450524940","http://localhost:3000/:/:572354137","rZVB6wcPlWaMpSYdrB4BSEg8lpgjnOGGpRnPpAnSj0Qq12etOm1450524940","1450540088"
"1603","0.03","move","823","71","497","1707","class:Logo","localhost:3000","localhost:3000","undefined yet","Logo","class","1","EtqVhkGE1cN7RtFVKkE5vXkGWKVcjlxX2zSJklJMZIT5j7RHD81450524940","http://localhost:3000/:/:572354137","rZVB6wcPlWaMpSYdrB4BSEg8lpgjnOGGpRnPpAnSj0Qq12etOm1450524940","1450540088"
"1604","0.29","click","828","69","497","1707","class:Logo","localhost:3000","localhost:3000","undefined yet","Logo","class","1","EtqVhkGE1cN7RtFVKkE5vXkGWKVcjlxX2zSJklJMZIT5j7RHD81450524940","http://localhost:3000/:/:572354137","rZVB6wcPlWaMpSYdrB4BSEg8lpgjnOGGpRnPpAnSj0Qq12etOm1450524940","1450540088"
"1605","0.34","move","791","88","497","1707","class:Logo","localhost:3000","localhost:3000","undefined yet","Logo","class","1","EtqVhkGE1cN7RtFVKkE5vXkGWKVcjlxX2zSJklJMZIT5j7RHD81450524940","http://localhost:3000/:/:572354137","rZVB6wcPlWaMpSYdrB4BSEg8lpgjnOGGpRnPpAnSj0Qq12etOm1450524940","1450540089"
"1606","0.01","move","756","103","497","1707","class:Logo","localhost:3000","localhost:3000","undefined yet","Logo","class","1","EtqVhkGE1cN7RtFVKkE5vXkGWKVcjlxX2zSJklJMZIT5j7RHD81450524940","http://localhost:3000/:/:572354137","rZVB6wcPlWaMpSYdrB4BSEg8lpgjnOGGpRnPpAnSj0Qq12etOm1450524940","1450540089"
"1607","0.01","move","710","117","497","1707","class:Logo_parent","localhost:3000","localhost:3000","undefined yet","Logo_parent","class","1","EtqVhkGE1cN7RtFVKkE5vXkGWKVcjlxX2zSJklJMZIT5j7RHD81450524940","http://localhost:3000/:/:572354137","rZVB6wcPlWaMpSYdrB4BSEg8lpgjnOGGpRnPpAnSj0Qq12etOm1450524940","1450540089"
"1608","0.01","move","658","129","497","1707","class:Logo_parent","localhost:3000","localhost:3000","undefined yet","Logo_parent","class","1","EtqVhkGE1cN7RtFVKkE5vXkGWKVcjlxX2zSJklJMZIT5j7RHD81450524940","http://localhost:3000/:/:572354137","rZVB6wcPlWaMpSYdrB4BSEg8lpgjnOGGpRnPpAnSj0Qq12etOm1450524940","1450540089"
"1609","0.01","move","646","130","497","1707","class:Logo_parent","localhost:3000","localhost:3000","undefined yet","Logo_parent","class","1","EtqVhkGE1cN7RtFVKkE5vXkGWKVcjlxX2zSJklJMZIT5j7RHD81450524940","http://localhost:3000/:/:572354137","rZVB6wcPlWaMpSYdrB4BSEg8lpgjnOGGpRnPpAnSj0Qq12etOm1450524940","1450540089"
"1610","0.17","scroll","0","0","497","1707","n","localhost:3000","localhost:3000","undefined yet","undefined","n","1","EtqVhkGE1cN7RtFVKkE5vXkGWKVcjlxX2zSJklJMZIT5j7RHD81450524940","http://localhost:3000/:/:572354137","rZVB6wcPlWaMpSYdrB4BSEg8lpgjnOGGpRnPpAnSj0Qq12etOm1450524940","1450540089"
"1611","0.01","scroll","0","0","497","1707","n","localhost:3000","localhost:3000","undefined yet","undefined","n","1","EtqVhkGE1cN7RtFVKkE5vXkGWKVcjlxX2zSJklJMZIT5j7RHD81450524940","http://localhost:3000/:/:572354137","rZVB6wcPlWaMpSYdrB4BSEg8lpgjnOGGpRnPpAnSj0Qq12etOm1450524940","1450540089"
"1612","0.01","scroll","0","0","497","1707","n","localhost:3000","localhost:3000","undefined yet","undefined","n","1","EtqVhkGE1cN7RtFVKkE5vXkGWKVcjlxX2zSJklJMZIT5j7RHD81450524940","http://localhost:3000/:/:572354137","rZVB6wcPlWaMpSYdrB4BSEg8lpgjnOGGpRnPpAnSj0Qq12etOm1450524940","1450540089"
"1613","0.01","scroll","0","0","497","1707","n","localhost:3000","localhost:3000","undefined yet","undefined","n","1","EtqVhkGE1cN7RtFVKkE5vXkGWKVcjlxX2zSJklJMZIT5j7RHD81450524940","http://localhost:3000/:/:572354137","rZVB6wcPlWaMpSYdrB4BSEg8lpgjnOGGpRnPpAnSj0Qq12etOm1450524940","1450540089"
"1614","0.01","scroll","0","0","497","1707","n","localhost:3000","localhost:3000","undefined yet","undefined","n","1","EtqVhkGE1cN7RtFVKkE5vXkGWKVcjlxX2zSJklJMZIT5j7RHD81450524940","http://localhost:3000/:/:572354137","rZVB6wcPlWaMpSYdrB4BSEg8lpgjnOGGpRnPpAnSj0Qq12etOm1450524940","1450540089"
"1615","0.01","scroll","0","0","497","1707","n","localhost:3000","localhost:3000","undefined yet","undefined","n","1","EtqVhkGE1cN7RtFVKkE5vXkGWKVcjlxX2zSJklJMZIT5j7RHD81450524940","http://localhost:3000/:/:572354137","rZVB6wcPlWaMpSYdrB4BSEg8lpgjnOGGpRnPpAnSj0Qq12etOm1450524940","1450540089"
"1616","0.33","move","617","127","497","1707","class:Logo_parent","localhost:3000","localhost:3000","undefined yet","Logo_parent","class","1","EtqVhkGE1cN7RtFVKkE5vXkGWKVcjlxX2zSJklJMZIT5j7RHD81450524940","http://localhost:3000/:/:572354137","rZVB6wcPlWaMpSYdrB4BSEg8lpgjnOGGpRnPpAnSj0Qq12etOm1450524940","1450540089"
"1617","0.01","move","575","121","497","1707","class:Logo_parent","localhost:3000","localhost:3000","undefined yet","Logo_parent","class","1","EtqVhkGE1cN7RtFVKkE5vXkGWKVcjlxX2zSJklJMZIT5j7RHD81450524940","http://localhost:3000/:/:572354137","rZVB6wcPlWaMpSYdrB4BSEg8lpgjnOGGpRnPpAnSj0Qq12etOm1450524940","1450540089"
"1618","0.00","move","546","117","497","1707","class:Logo_parent","localhost:3000","localhost:3000","undefined yet","Logo_parent","class","1","EtqVhkGE1cN7RtFVKkE5vXkGWKVcjlxX2zSJklJMZIT5j7RHD81450524940","http://localhost:3000/:/:572354137","rZVB6wcPlWaMpSYdrB4BSEg8lpgjnOGGpRnPpAnSj0Qq12etOm1450524940","1450540089"
"1619","0.00","move","509","110","497","1707","class:Logo_parent","localhost:3000","localhost:3000","undefined yet","Logo_parent","class","1","EtqVhkGE1cN7RtFVKkE5vXkGWKVcjlxX2zSJklJMZIT5j7RHD81450524940","http://localhost:3000/:/:572354137","rZVB6wcPlWaMpSYdrB4BSEg8lpgjnOGGpRnPpAnSj0Qq12etOm1450524940","1450540089"
"1620","0.01","move","473","104","497","1707","class:Logo_parent","localhost:3000","localhost:3000","undefined yet","Logo_parent","class","1","EtqVhkGE1cN7RtFVKkE5vXkGWKVcjlxX2zSJklJMZIT5j7RHD81450524940","http://localhost:3000/:/:572354137","rZVB6wcPlWaMpSYdrB4BSEg8lpgjnOGGpRnPpAnSj0Qq12etOm1450524940","1450540089"
"1621","0.00","move","443","98","497","1707","class:Logo_parent","localhost:3000","localhost:3000","undefined yet","Logo_parent","class","1","EtqVhkGE1cN7RtFVKkE5vXkGWKVcjlxX2zSJklJMZIT5j7RHD81450524940","http://localhost:3000/:/:572354137","rZVB6wcPlWaMpSYdrB4BSEg8lpgjnOGGpRnPpAnSj0Qq12etOm1450524940","1450540089"
"1622","0.01","move","416","91","497","1707","class:hd","localhost:3000","localhost:3000","undefined yet","hd","class","1","EtqVhkGE1cN7RtFVKkE5vXkGWKVcjlxX2zSJklJMZIT5j7RHD81450524940","http://localhost:3000/:/:572354137","rZVB6wcPlWaMpSYdrB4BSEg8lpgjnOGGpRnPpAnSj0Qq12etOm1450524940","1450540089"
"1623","0.00","move","396","84","497","1707","n","localhost:3000","localhost:3000","undefined yet","undefined","n","1","EtqVhkGE1cN7RtFVKkE5vXkGWKVcjlxX2zSJklJMZIT5j7RHD81450524940","http://localhost:3000/:/:572354137","rZVB6wcPlWaMpSYdrB4BSEg8lpgjnOGGpRnPpAnSj0Qq12etOm1450524940","1450540089"
"1624","0.01","move","384","78","497","1707","n","localhost:3000","localhost:3000","undefined yet","undefined","n","1","EtqVhkGE1cN7RtFVKkE5vXkGWKVcjlxX2zSJklJMZIT5j7RHD81450524940","http://localhost:3000/:/:572354137","rZVB6wcPlWaMpSYdrB4BSEg8lpgjnOGGpRnPpAnSj0Qq12etOm1450524940","1450540089"
"1625","0.01","move","370","71","497","1707","n","localhost:3000","localhost:3000","undefined yet","undefined","n","1","EtqVhkGE1cN7RtFVKkE5vXkGWKVcjlxX2zSJklJMZIT5j7RHD81450524940","http://localhost:3000/:/:572354137","rZVB6wcPlWaMpSYdrB4BSEg8lpgjnOGGpRnPpAnSj0Qq12etOm1450524940","1450540089"
"1626","0.01","move","359","66","497","1707","class:nav-bead trt","localhost:3000","localhost:3000","undefined yet","nav-bead trt","class","1","EtqVhkGE1cN7RtFVKkE5vXkGWKVcjlxX2zSJklJMZIT5j7RHD81450524940","http://localhost:3000/:/:572354137","rZVB6wcPlWaMpSYdrB4BSEg8lpgjnOGGpRnPpAnSj0Qq12etOm1450524940","1450540089"
"1627","0.03","move","344","58","497","1707","class:nav-bead trt","localhost:3000","localhost:3000","undefined yet","nav-bead trt","class","1","EtqVhkGE1cN7RtFVKkE5vXkGWKVcjlxX2zSJklJMZIT5j7RHD81450524940","http://localhost:3000/:/:572354137","rZVB6wcPlWaMpSYdrB4BSEg8lpgjnOGGpRnPpAnSj0Qq12etOm1450524940","1450540089"
"1628","0.04","move","330","52","497","1707","class:nav-bead trt","localhost:3000","localhost:3000","undefined yet","nav-bead trt","class","1","EtqVhkGE1cN7RtFVKkE5vXkGWKVcjlxX2zSJklJMZIT5j7RHD81450524940","http://localhost:3000/:/:572354137","rZVB6wcPlWaMpSYdrB4BSEg8lpgjnOGGpRnPpAnSj0Qq12etOm1450524940","1450540089"
"1629","0.06","move","317","49","497","1707","class:rt","localhost:3000","localhost:3000","undefined yet","rt","class","1","EtqVhkGE1cN7RtFVKkE5vXkGWKVcjlxX2zSJklJMZIT5j7RHD81450524940","http://localhost:3000/:/:572354137","rZVB6wcPlWaMpSYdrB4BSEg8lpgjnOGGpRnPpAnSj0Qq12etOm1450524940","1450540090"
"1630","0.04","move","306","48","497","1707","class:rt","localhost:3000","localhost:3000","undefined yet","rt","class","1","EtqVhkGE1cN7RtFVKkE5vXkGWKVcjlxX2zSJklJMZIT5j7RHD81450524940","http://localhost:3000/:/:572354137","rZVB6wcPlWaMpSYdrB4BSEg8lpgjnOGGpRnPpAnSj0Qq12etOm1450524940","1450540090"
"1631","0.47","click","305","46","497","1707","class:rt","localhost:3000","localhost:3000","undefined yet","rt","class","1","EtqVhkGE1cN7RtFVKkE5vXkGWKVcjlxX2zSJklJMZIT5j7RHD81450524940","http://localhost:3000/:/:572354137","rZVB6wcPlWaMpSYdrB4BSEg8lpgjnOGGpRnPpAnSj0Qq12etOm1450524940","1450540090"
"1632","0.32","move","322","46","497","1707","class:rt","localhost:3000","localhost:3000","undefined yet","rt","class","1","EtqVhkGE1cN7RtFVKkE5vXkGWKVcjlxX2zSJklJMZIT5j7RHD81450524940","http://localhost:3000/:/:572354137","rZVB6wcPlWaMpSYdrB4BSEg8lpgjnOGGpRnPpAnSj0Qq12etOm1450524940","1450540090"
"1633","0.01","move","345","46","497","1707","class:nav-bead trt","localhost:3000","localhost:3000","undefined yet","nav-bead trt","class","1","EtqVhkGE1cN7RtFVKkE5vXkGWKVcjlxX2zSJklJMZIT5j7RHD81450524940","http://localhost:3000/:/:572354137","rZVB6wcPlWaMpSYdrB4BSEg8lpgjnOGGpRnPpAnSj0Qq12etOm1450524940","1450540090"
"1634","0.01","move","399","44","497","1707","class:nav-bead trt","localhost:3000","localhost:3000","undefined yet","nav-bead trt","class","1","EtqVhkGE1cN7RtFVKkE5vXkGWKVcjlxX2zSJklJMZIT5j7RHD81450524940","http://localhost:3000/:/:572354137","rZVB6wcPlWaMpSYdrB4BSEg8lpgjnOGGpRnPpAnSj0Qq12etOm1450524940","1450540090"
"1635","0.01","move","455","41","497","1707","class:nav-bead trt","localhost:3000","localhost:3000","undefined yet","nav-bead trt","class","1","EtqVhkGE1cN7RtFVKkE5vXkGWKVcjlxX2zSJklJMZIT5j7RHD81450524940","http://localhost:3000/:/:572354137","rZVB6wcPlWaMpSYdrB4BSEg8lpgjnOGGpRnPpAnSj0Qq12etOm1450524940","1450540090"
"1636","0.01","move","514","36","497","1707","class:nav-bead trt","localhost:3000","localhost:3000","undefined yet","nav-bead trt","class","1","EtqVhkGE1cN7RtFVKkE5vXkGWKVcjlxX2zSJklJMZIT5j7RHD81450524940","http://localhost:3000/:/:572354137","rZVB6wcPlWaMpSYdrB4BSEg8lpgjnOGGpRnPpAnSj0Qq12etOm1450524940","1450540090"
"1637","0.01","move","575","33","497","1707","class:nav-bead","localhost:3000","localhost:3000","undefined yet","nav-bead","class","1","EtqVhkGE1cN7RtFVKkE5vXkGWKVcjlxX2zSJklJMZIT5j7RHD81450524940","http://localhost:3000/:/:572354137","rZVB6wcPlWaMpSYdrB4BSEg8lpgjnOGGpRnPpAnSj0Qq12etOm1450524940","1450540091"
"1638","0.00","move","622","33","497","1707","class:nav-bead","localhost:3000","localhost:3000","undefined yet","nav-bead","class","1","EtqVhkGE1cN7RtFVKkE5vXkGWKVcjlxX2zSJklJMZIT5j7RHD81450524940","http://localhost:3000/:/:572354137","rZVB6wcPlWaMpSYdrB4BSEg8lpgjnOGGpRnPpAnSj0Qq12etOm1450524940","1450540091"
"1639","0.01","move","670","33","497","1707","class:nav-bead","localhost:3000","localhost:3000","undefined yet","nav-bead","class","1","EtqVhkGE1cN7RtFVKkE5vXkGWKVcjlxX2zSJklJMZIT5j7RHD81450524940","http://localhost:3000/:/:572354137","rZVB6wcPlWaMpSYdrB4BSEg8lpgjnOGGpRnPpAnSj0Qq12etOm1450524940","1450540091"
"1640","0.01","move","697","33","497","1707","class:nav-bead","localhost:3000","localhost:3000","undefined yet","nav-bead","class","1","EtqVhkGE1cN7RtFVKkE5vXkGWKVcjlxX2zSJklJMZIT5j7RHD81450524940","http://localhost:3000/:/:572354137","rZVB6wcPlWaMpSYdrB4BSEg8lpgjnOGGpRnPpAnSj0Qq12etOm1450524940","1450540091"
"1641","0.01","move","726","33","497","1707","class:nav-bead","localhost:3000","localhost:3000","undefined yet","nav-bead","class","1","EtqVhkGE1cN7RtFVKkE5vXkGWKVcjlxX2zSJklJMZIT5j7RHD81450524940","http://localhost:3000/:/:572354137","rZVB6wcPlWaMpSYdrB4BSEg8lpgjnOGGpRnPpAnSj0Qq12etOm1450524940","1450540091"
"1642","0.01","move","746","33","497","1707","class:nav-bead","localhost:3000","localhost:3000","undefined yet","nav-bead","class","1","EtqVhkGE1cN7RtFVKkE5vXkGWKVcjlxX2zSJklJMZIT5j7RHD81450524940","http://localhost:3000/:/:572354137","rZVB6wcPlWaMpSYdrB4BSEg8lpgjnOGGpRnPpAnSj0Qq12etOm1450524940","1450540091"
"1643","0.01","move","760","33","497","1707","class:nav-bead","localhost:3000","localhost:3000","undefined yet","nav-bead","class","1","EtqVhkGE1cN7RtFVKkE5vXkGWKVcjlxX2zSJklJMZIT5j7RHD81450524940","http://localhost:3000/:/:572354137","rZVB6wcPlWaMpSYdrB4BSEg8lpgjnOGGpRnPpAnSj0Qq12etOm1450524940","1450540091"
"1644","0.01","move","772","33","497","1707","class:nav-bead","localhost:3000","localhost:3000","undefined yet","nav-bead","class","1","EtqVhkGE1cN7RtFVKkE5vXkGWKVcjlxX2zSJklJMZIT5j7RHD81450524940","http://localhost:3000/:/:572354137","rZVB6wcPlWaMpSYdrB4BSEg8lpgjnOGGpRnPpAnSj0Qq12etOm1450524940","1450540091"
"1645","0.03","move","786","33","497","1707","class:nav-bead","localhost:3000","localhost:3000","undefined yet","nav-bead","class","1","EtqVhkGE1cN7RtFVKkE5vXkGWKVcjlxX2zSJklJMZIT5j7RHD81450524940","http://localhost:3000/:/:572354137","rZVB6wcPlWaMpSYdrB4BSEg8lpgjnOGGpRnPpAnSj0Qq12etOm1450524940","1450540091"
"1646","0.04","move","802","33","497","1707","class:nav-bead","localhost:3000","localhost:3000","undefined yet","nav-bead","class","1","EtqVhkGE1cN7RtFVKkE5vXkGWKVcjlxX2zSJklJMZIT5j7RHD81450524940","http://localhost:3000/:/:572354137","rZVB6wcPlWaMpSYdrB4BSEg8lpgjnOGGpRnPpAnSj0Qq12etOm1450524940","1450540091"
"1647","0.09","move","814","33","497","1707","class:nav-bead","localhost:3000","localhost:3000","undefined yet","nav-bead","class","1","EtqVhkGE1cN7RtFVKkE5vXkGWKVcjlxX2zSJklJMZIT5j7RHD81450524940","http://localhost:3000/:/:572354137","rZVB6wcPlWaMpSYdrB4BSEg8lpgjnOGGpRnPpAnSj0Qq12etOm1450524940","1450540091"
"1648","0.09","move","825","35","497","1707","class:nav-bead","localhost:3000","localhost:3000","undefined yet","nav-bead","class","1","EtqVhkGE1cN7RtFVKkE5vXkGWKVcjlxX2zSJklJMZIT5j7RHD81450524940","http://localhost:3000/:/:572354137","rZVB6wcPlWaMpSYdrB4BSEg8lpgjnOGGpRnPpAnSj0Qq12etOm1450524940","1450540091"
"1649","0.04","move","837","38","497","1707","class:nav-bead","localhost:3000","localhost:3000","undefined yet","nav-bead","class","1","EtqVhkGE1cN7RtFVKkE5vXkGWKVcjlxX2zSJklJMZIT5j7RHD81450524940","http://localhost:3000/:/:572354137","rZVB6wcPlWaMpSYdrB4BSEg8lpgjnOGGpRnPpAnSj0Qq12etOm1450524940","1450540091"
"1650","0.38","click","847","45","497","1707","class:nav-bead","localhost:3000","localhost:3000","undefined yet","nav-bead","class","1","EtqVhkGE1cN7RtFVKkE5vXkGWKVcjlxX2zSJklJMZIT5j7RHD81450524940","http://localhost:3000/:/:572354137","rZVB6wcPlWaMpSYdrB4BSEg8lpgjnOGGpRnPpAnSj0Qq12etOm1450524940","1450540091"
"1651","0.31","move","824","45","497","1707","class:nav-bead","localhost:3000","localhost:3000","undefined yet","nav-bead","class","1","EtqVhkGE1cN7RtFVKkE5vXkGWKVcjlxX2zSJklJMZIT5j7RHD81450524940","http://localhost:3000/:/:572354137","rZVB6wcPlWaMpSYdrB4BSEg8lpgjnOGGpRnPpAnSj0Qq12etOm1450524940","1450540092"
"1652","0.01","move","784","45","497","1707","class:nav-bead","localhost:3000","localhost:3000","undefined yet","nav-bead","class","1","EtqVhkGE1cN7RtFVKkE5vXkGWKVcjlxX2zSJklJMZIT5j7RHD81450524940","http://localhost:3000/:/:572354137","rZVB6wcPlWaMpSYdrB4BSEg8lpgjnOGGpRnPpAnSj0Qq12etOm1450524940","1450540092"
"1653","0.01","move","723","45","497","1707","class:nav-bead","localhost:3000","localhost:3000","undefined yet","nav-bead","class","1","EtqVhkGE1cN7RtFVKkE5vXkGWKVcjlxX2zSJklJMZIT5j7RHD81450524940","http://localhost:3000/:/:572354137","rZVB6wcPlWaMpSYdrB4BSEg8lpgjnOGGpRnPpAnSj0Qq12etOm1450524940","1450540092"
"1654","0.01","move","646","45","497","1707","class:nav-bead","localhost:3000","localhost:3000","undefined yet","nav-bead","class","1","EtqVhkGE1cN7RtFVKkE5vXkGWKVcjlxX2zSJklJMZIT5j7RHD81450524940","http://localhost:3000/:/:572354137","rZVB6wcPlWaMpSYdrB4BSEg8lpgjnOGGpRnPpAnSj0Qq12etOm1450524940","1450540092"
"1655","0.01","move","567","42","497","1707","class:nav-bead trt","localhost:3000","localhost:3000","undefined yet","nav-bead trt","class","1","EtqVhkGE1cN7RtFVKkE5vXkGWKVcjlxX2zSJklJMZIT5j7RHD81450524940","http://localhost:3000/:/:572354137","rZVB6wcPlWaMpSYdrB4BSEg8lpgjnOGGpRnPpAnSj0Qq12etOm1450524940","1450540092"
"1656","0.01","move","489","37","497","1707","class:nav-bead trt","localhost:3000","localhost:3000","undefined yet","nav-bead trt","class","1","EtqVhkGE1cN7RtFVKkE5vXkGWKVcjlxX2zSJklJMZIT5j7RHD81450524940","http://localhost:3000/:/:572354137","rZVB6wcPlWaMpSYdrB4BSEg8lpgjnOGGpRnPpAnSj0Qq12etOm1450524940","1450540092"
"1657","0.01","move","439","35","497","1707","class:nav-bead trt","localhost:3000","localhost:3000","undefined yet","nav-bead trt","class","1","EtqVhkGE1cN7RtFVKkE5vXkGWKVcjlxX2zSJklJMZIT5j7RHD81450524940","http://localhost:3000/:/:572354137","rZVB6wcPlWaMpSYdrB4BSEg8lpgjnOGGpRnPpAnSj0Qq12etOm1450524940","1450540092"
"1658","0.01","move","384","33","497","1707","class:nav-bead trt","localhost:3000","localhost:3000","undefined yet","nav-bead trt","class","1","EtqVhkGE1cN7RtFVKkE5vXkGWKVcjlxX2zSJklJMZIT5j7RHD81450524940","http://localhost:3000/:/:572354137","rZVB6wcPlWaMpSYdrB4BSEg8lpgjnOGGpRnPpAnSj0Qq12etOm1450524940","1450540092"
"1659","0.01","move","348","29","497","1707","class:nav-bead trt","localhost:3000","localhost:3000","undefined yet","nav-bead trt","class","1","EtqVhkGE1cN7RtFVKkE5vXkGWKVcjlxX2zSJklJMZIT5j7RHD81450524940","http://localhost:3000/:/:572354137","rZVB6wcPlWaMpSYdrB4BSEg8lpgjnOGGpRnPpAnSj0Qq12etOm1450524940","1450540092"
"1660","0.01","move","317","27","497","1707","class:nav-bead trt","localhost:3000","localhost:3000","undefined yet","nav-bead trt","class","1","EtqVhkGE1cN7RtFVKkE5vXkGWKVcjlxX2zSJklJMZIT5j7RHD81450524940","http://localhost:3000/:/:572354137","rZVB6wcPlWaMpSYdrB4BSEg8lpgjnOGGpRnPpAnSj0Qq12etOm1450524940","1450540092"
"1661","0.01","move","298","26","497","1707","class:nav-bead trt","localhost:3000","localhost:3000","undefined yet","nav-bead trt","class","1","EtqVhkGE1cN7RtFVKkE5vXkGWKVcjlxX2zSJklJMZIT5j7RHD81450524940","http://localhost:3000/:/:572354137","rZVB6wcPlWaMpSYdrB4BSEg8lpgjnOGGpRnPpAnSj0Qq12etOm1450524940","1450540092"
"1662","0.01","move","278","25","497","1707","class:nav-bead trt","localhost:3000","localhost:3000","undefined yet","nav-bead trt","class","1","EtqVhkGE1cN7RtFVKkE5vXkGWKVcjlxX2zSJklJMZIT5j7RHD81450524940","http://localhost:3000/:/:572354137","rZVB6wcPlWaMpSYdrB4BSEg8lpgjnOGGpRnPpAnSj0Qq12etOm1450524940","1450540092"
"1663","0.01","move","260","25","497","1707","class:nav-bead trt","localhost:3000","localhost:3000","undefined yet","nav-bead trt","class","1","EtqVhkGE1cN7RtFVKkE5vXkGWKVcjlxX2zSJklJMZIT5j7RHD81450524940","http://localhost:3000/:/:572354137","rZVB6wcPlWaMpSYdrB4BSEg8lpgjnOGGpRnPpAnSj0Qq12etOm1450524940","1450540092"
"1664","0.01","move","246","25","497","1707","class:nav-bead trt","localhost:3000","localhost:3000","undefined yet","nav-bead trt","class","1","EtqVhkGE1cN7RtFVKkE5vXkGWKVcjlxX2zSJklJMZIT5j7RHD81450524940","http://localhost:3000/:/:572354137","rZVB6wcPlWaMpSYdrB4BSEg8lpgjnOGGpRnPpAnSj0Qq12etOm1450524940","1450540092"
"1665","0.01","move","233","25","497","1707","class:nav-bead trt","localhost:3000","localhost:3000","undefined yet","nav-bead trt","class","1","EtqVhkGE1cN7RtFVKkE5vXkGWKVcjlxX2zSJklJMZIT5j7RHD81450524940","http://localhost:3000/:/:572354137","rZVB6wcPlWaMpSYdrB4BSEg8lpgjnOGGpRnPpAnSj0Qq12etOm1450524940","1450540092"
"1666","0.04","move","222","24","497","1707","class:nav-bead trt","localhost:3000","localhost:3000","undefined yet","nav-bead trt","class","1","EtqVhkGE1cN7RtFVKkE5vXkGWKVcjlxX2zSJklJMZIT5j7RHD81450524940","http://localhost:3000/:/:572354137","rZVB6wcPlWaMpSYdrB4BSEg8lpgjnOGGpRnPpAnSj0Qq12etOm1450524940","1450540092"
"1667","0.16","move","235","25","497","1707","class:nav-bead trt","localhost:3000","localhost:3000","undefined yet","nav-bead trt","class","1","EtqVhkGE1cN7RtFVKkE5vXkGWKVcjlxX2zSJklJMZIT5j7RHD81450524940","http://localhost:3000/:/:572354137","rZVB6wcPlWaMpSYdrB4BSEg8lpgjnOGGpRnPpAnSj0Qq12etOm1450524940","1450540092"
"1668","0.03","move","250","34","497","1707","class:nav-bead trt","localhost:3000","localhost:3000","undefined yet","nav-bead trt","class","1","EtqVhkGE1cN7RtFVKkE5vXkGWKVcjlxX2zSJklJMZIT5j7RHD81450524940","http://localhost:3000/:/:572354137","rZVB6wcPlWaMpSYdrB4BSEg8lpgjnOGGpRnPpAnSj0Qq12etOm1450524940","1450540092"
"1669","0.03","move","262","41","497","1707","href:http://google.com/","localhost:3000","localhost:3000","undefined yet","http","href","1","EtqVhkGE1cN7RtFVKkE5vXkGWKVcjlxX2zSJklJMZIT5j7RHD81450524940","http://localhost:3000/:/:572354137","rZVB6wcPlWaMpSYdrB4BSEg8lpgjnOGGpRnPpAnSj0Qq12etOm1450524940","1450540092"
"1670","0.56","move","362","241","497","1707","class:Logo_parent","localhost:3000","localhost:3000","undefined yet","Logo_parent","class","1","EtqVhkGE1cN7RtFVKkE5vXkGWKVcjlxX2zSJklJMZIT5j7RHD81450524940","http://localhost:3000/:/:398056084","rZVB6wcPlWaMpSYdrB4BSEg8lpgjnOGGpRnPpAnSj0Qq12etOm1450524940","1450540226"
"1671","0.00","move","407","168","497","1707","class:Logo_parent","localhost:3000","localhost:3000","undefined yet","Logo_parent","class","1","EtqVhkGE1cN7RtFVKkE5vXkGWKVcjlxX2zSJklJMZIT5j7RHD81450524940","http://localhost:3000/:/:398056084","rZVB6wcPlWaMpSYdrB4BSEg8lpgjnOGGpRnPpAnSj0Qq12etOm1450524940","1450540226"
"1672","0.01","move","470","88","497","1707","n","localhost:3000","localhost:3000","undefined yet","undefined","n","1","EtqVhkGE1cN7RtFVKkE5vXkGWKVcjlxX2zSJklJMZIT5j7RHD81450524940","http://localhost:3000/:/:398056084","rZVB6wcPlWaMpSYdrB4BSEg8lpgjnOGGpRnPpAnSj0Qq12etOm1450524940","1450540226"
"1673","0.01","move","502","59","497","1707","class:nav-bead trt","localhost:3000","localhost:3000","undefined yet","nav-bead trt","class","1","EtqVhkGE1cN7RtFVKkE5vXkGWKVcjlxX2zSJklJMZIT5j7RHD81450524940","http://localhost:3000/:/:398056084","rZVB6wcPlWaMpSYdrB4BSEg8lpgjnOGGpRnPpAnSj0Qq12etOm1450524940","1450540226"
"1674","0.01","move","527","44","497","1707","class:nav-bead trt","localhost:3000","localhost:3000","undefined yet","nav-bead trt","class","1","EtqVhkGE1cN7RtFVKkE5vXkGWKVcjlxX2zSJklJMZIT5j7RHD81450524940","http://localhost:3000/:/:398056084","rZVB6wcPlWaMpSYdrB4BSEg8lpgjnOGGpRnPpAnSj0Qq12etOm1450524940","1450540226"
"1675","0.01","move","556","34","497","1707","class:nav-bead trt","localhost:3000","localhost:3000","undefined yet","nav-bead trt","class","1","EtqVhkGE1cN7RtFVKkE5vXkGWKVcjlxX2zSJklJMZIT5j7RHD81450524940","http://localhost:3000/:/:398056084","rZVB6wcPlWaMpSYdrB4BSEg8lpgjnOGGpRnPpAnSj0Qq12etOm1450524940","1450540226"
"1676","0.01","move","570","35","497","1707","class:nav-bead","localhost:3000","localhost:3000","undefined yet","nav-bead","class","1","EtqVhkGE1cN7RtFVKkE5vXkGWKVcjlxX2zSJklJMZIT5j7RHD81450524940","http://localhost:3000/:/:398056084","rZVB6wcPlWaMpSYdrB4BSEg8lpgjnOGGpRnPpAnSj0Qq12etOm1450524940","1450540226"
"1677","0.21","move","595","34","497","1707","class:nav-bead","localhost:3000","localhost:3000","undefined yet","nav-bead","class","1","EtqVhkGE1cN7RtFVKkE5vXkGWKVcjlxX2zSJklJMZIT5j7RHD81450524940","http://localhost:3000/:/:398056084","rZVB6wcPlWaMpSYdrB4BSEg8lpgjnOGGpRnPpAnSj0Qq12etOm1450524940","1450540227"
"1678","0.01","move","612","33","497","1707","class:nav-bead","localhost:3000","localhost:3000","undefined yet","nav-bead","class","1","EtqVhkGE1cN7RtFVKkE5vXkGWKVcjlxX2zSJklJMZIT5j7RHD81450524940","http://localhost:3000/:/:398056084","rZVB6wcPlWaMpSYdrB4BSEg8lpgjnOGGpRnPpAnSj0Qq12etOm1450524940","1450540227"
"1679","0.01","move","644","33","497","1707","class:nav-bead","localhost:3000","localhost:3000","undefined yet","nav-bead","class","1","EtqVhkGE1cN7RtFVKkE5vXkGWKVcjlxX2zSJklJMZIT5j7RHD81450524940","http://localhost:3000/:/:398056084","rZVB6wcPlWaMpSYdrB4BSEg8lpgjnOGGpRnPpAnSj0Qq12etOm1450524940","1450540227"
"1680","0.01","move","674","44","497","1707","class:nav-bead","localhost:3000","localhost:3000","undefined yet","nav-bead","class","1","EtqVhkGE1cN7RtFVKkE5vXkGWKVcjlxX2zSJklJMZIT5j7RHD81450524940","http://localhost:3000/:/:398056084","rZVB6wcPlWaMpSYdrB4BSEg8lpgjnOGGpRnPpAnSj0Qq12etOm1450524940","1450540227"
"1681","0.01","move","703","60","497","1707","class:nav-bead","localhost:3000","localhost:3000","undefined yet","nav-bead","class","1","EtqVhkGE1cN7RtFVKkE5vXkGWKVcjlxX2zSJklJMZIT5j7RHD81450524940","http://localhost:3000/:/:398056084","rZVB6wcPlWaMpSYdrB4BSEg8lpgjnOGGpRnPpAnSj0Qq12etOm1450524940","1450540227"
"1682","0.01","move","732","81","497","1707","n","localhost:3000","localhost:3000","undefined yet","undefined","n","1","EtqVhkGE1cN7RtFVKkE5vXkGWKVcjlxX2zSJklJMZIT5j7RHD81450524940","http://localhost:3000/:/:398056084","rZVB6wcPlWaMpSYdrB4BSEg8lpgjnOGGpRnPpAnSj0Qq12etOm1450524940","1450540227"
"1683","0.01","move","758","106","497","1707","class:Logo_parent","localhost:3000","localhost:3000","undefined yet","Logo_parent","class","1","EtqVhkGE1cN7RtFVKkE5vXkGWKVcjlxX2zSJklJMZIT5j7RHD81450524940","http://localhost:3000/:/:398056084","rZVB6wcPlWaMpSYdrB4BSEg8lpgjnOGGpRnPpAnSj0Qq12etOm1450524940","1450540227"
"1684","0.01","move","776","131","497","1707","class:Logo_parent","localhost:3000","localhost:3000","undefined yet","Logo_parent","class","1","EtqVhkGE1cN7RtFVKkE5vXkGWKVcjlxX2zSJklJMZIT5j7RHD81450524940","http://localhost:3000/:/:398056084","rZVB6wcPlWaMpSYdrB4BSEg8lpgjnOGGpRnPpAnSj0Qq12etOm1450524940","1450540227"
"1685","0.01","move","792","156","497","1707","class:Logo","localhost:3000","localhost:3000","undefined yet","Logo","class","1","EtqVhkGE1cN7RtFVKkE5vXkGWKVcjlxX2zSJklJMZIT5j7RHD81450524940","http://localhost:3000/:/:398056084","rZVB6wcPlWaMpSYdrB4BSEg8lpgjnOGGpRnPpAnSj0Qq12etOm1450524940","1450540227"
"1686","0.01","move","805","181","497","1707","class:Logo","localhost:3000","localhost:3000","undefined yet","Logo","class","1","EtqVhkGE1cN7RtFVKkE5vXkGWKVcjlxX2zSJklJMZIT5j7RHD81450524940","http://localhost:3000/:/:398056084","rZVB6wcPlWaMpSYdrB4BSEg8lpgjnOGGpRnPpAnSj0Qq12etOm1450524940","1450540227"
"1687","0.01","move","810","194","497","1707","class:Logo","localhost:3000","localhost:3000","undefined yet","Logo","class","1","EtqVhkGE1cN7RtFVKkE5vXkGWKVcjlxX2zSJklJMZIT5j7RHD81450524940","http://localhost:3000/:/:398056084","rZVB6wcPlWaMpSYdrB4BSEg8lpgjnOGGpRnPpAnSj0Qq12etOm1450524940","1450540227"
"1688","0.01","move","812","208","497","1707","class:Logo","localhost:3000","localhost:3000","undefined yet","Logo","class","1","EtqVhkGE1cN7RtFVKkE5vXkGWKVcjlxX2zSJklJMZIT5j7RHD81450524940","http://localhost:3000/:/:398056084","rZVB6wcPlWaMpSYdrB4BSEg8lpgjnOGGpRnPpAnSj0Qq12etOm1450524940","1450540227"
"1689","0.01","move","812","220","497","1707","class:Logo","localhost:3000","localhost:3000","undefined yet","Logo","class","1","EtqVhkGE1cN7RtFVKkE5vXkGWKVcjlxX2zSJklJMZIT5j7RHD81450524940","http://localhost:3000/:/:398056084","rZVB6wcPlWaMpSYdrB4BSEg8lpgjnOGGpRnPpAnSj0Qq12etOm1450524940","1450540227"
"1690","0.03","move","798","231","497","1707","class:Logo","localhost:3000","localhost:3000","undefined yet","Logo","class","1","EtqVhkGE1cN7RtFVKkE5vXkGWKVcjlxX2zSJklJMZIT5j7RHD81450524940","http://localhost:3000/:/:398056084","rZVB6wcPlWaMpSYdrB4BSEg8lpgjnOGGpRnPpAnSj0Qq12etOm1450524940","1450540227"
"1691","0.01","move","785","233","497","1707","class:Logo","localhost:3000","localhost:3000","undefined yet","Logo","class","1","EtqVhkGE1cN7RtFVKkE5vXkGWKVcjlxX2zSJklJMZIT5j7RHD81450524940","http://localhost:3000/:/:398056084","rZVB6wcPlWaMpSYdrB4BSEg8lpgjnOGGpRnPpAnSj0Qq12etOm1450524940","1450540227"
"1692","0.01","move","774","233","497","1707","class:Logo","localhost:3000","localhost:3000","undefined yet","Logo","class","1","EtqVhkGE1cN7RtFVKkE5vXkGWKVcjlxX2zSJklJMZIT5j7RHD81450524940","http://localhost:3000/:/:398056084","rZVB6wcPlWaMpSYdrB4BSEg8lpgjnOGGpRnPpAnSj0Qq12etOm1450524940","1450540227"
"1693","0.03","move","767","208","497","1707","class:Logo","localhost:3000","localhost:3000","undefined yet","Logo","class","1","EtqVhkGE1cN7RtFVKkE5vXkGWKVcjlxX2zSJklJMZIT5j7RHD81450524940","http://localhost:3000/:/:398056084","rZVB6wcPlWaMpSYdrB4BSEg8lpgjnOGGpRnPpAnSj0Qq12etOm1450524940","1450540227"
"1694","0.01","move","771","194","497","1707","class:Logo","localhost:3000","localhost:3000","undefined yet","Logo","class","1","EtqVhkGE1cN7RtFVKkE5vXkGWKVcjlxX2zSJklJMZIT5j7RHD81450524940","http://localhost:3000/:/:398056084","rZVB6wcPlWaMpSYdrB4BSEg8lpgjnOGGpRnPpAnSj0Qq12etOm1450524940","1450540227"
"1695","0.01","move","783","183","497","1707","class:Logo","localhost:3000","localhost:3000","undefined yet","Logo","class","1","EtqVhkGE1cN7RtFVKkE5vXkGWKVcjlxX2zSJklJMZIT5j7RHD81450524940","http://localhost:3000/:/:398056084","rZVB6wcPlWaMpSYdrB4BSEg8lpgjnOGGpRnPpAnSj0Qq12etOm1450524940","1450540227"
"1696","0.01","move","799","177","497","1707","class:Logo","localhost:3000","localhost:3000","undefined yet","Logo","class","1","EtqVhkGE1cN7RtFVKkE5vXkGWKVcjlxX2zSJklJMZIT5j7RHD81450524940","http://localhost:3000/:/:398056084","rZVB6wcPlWaMpSYdrB4BSEg8lpgjnOGGpRnPpAnSj0Qq12etOm1450524940","1450540227"
"1697","0.01","move","816","177","497","1707","class:Logo","localhost:3000","localhost:3000","undefined yet","Logo","class","1","EtqVhkGE1cN7RtFVKkE5vXkGWKVcjlxX2zSJklJMZIT5j7RHD81450524940","http://localhost:3000/:/:398056084","rZVB6wcPlWaMpSYdrB4BSEg8lpgjnOGGpRnPpAnSj0Qq12etOm1450524940","1450540227"
"1698","0.03","move","832","180","497","1707","class:Logo","localhost:3000","localhost:3000","undefined yet","Logo","class","1","EtqVhkGE1cN7RtFVKkE5vXkGWKVcjlxX2zSJklJMZIT5j7RHD81450524940","http://localhost:3000/:/:398056084","rZVB6wcPlWaMpSYdrB4BSEg8lpgjnOGGpRnPpAnSj0Qq12etOm1450524940","1450540227"
"1699","0.13","click","835","187","497","1707","class:Logo","localhost:3000","localhost:3000","undefined yet","Logo","class","1","EtqVhkGE1cN7RtFVKkE5vXkGWKVcjlxX2zSJklJMZIT5j7RHD81450524940","http://localhost:3000/:/:398056084","rZVB6wcPlWaMpSYdrB4BSEg8lpgjnOGGpRnPpAnSj0Qq12etOm1450524940","1450540227"
